Parent Region,District,Metal,2000NDVI,2000NDMI,2000Tree Canopy Cove,2000Green Space Per inhabitant,2000Semi-Natural, 2000_Imperviousness per inhabitant2000 , PM2.5_2000 ,EC_2000, PM2.5_2005 , PM2.5_2013 , PM2.5_2015 , PM2.5_2019 , 2005NDVI , 2005NDMI , 2005Tree Canopy Cover , 2005Green Space per Inhabitant ,2005 Semi-Natural ,2005_Imperviousness per inhabitant2000,EC_2005, 2010NDVI , 2010NDMI , 2010Tree Canopy Cove , 2010Green Space Per inhabitant , 2010Semi-Natural , 2010_Imperviousness per inhabitant , PM2.5_2010 ,EC_2010, 2015NDVI , 2015NDMI , 2015Tree Canopy Cove , 2015Green Space Per inhabitant , 2015Semi-Natural , 2015_Imperviousness per inhabitant , PM2.5_2015 .1,EC_2015, 2020NDVI , 2020NDMI , 2020Tree Canopy Cove , 2020Green Space Per inhabitant , 2020Semi-Natural , 2020_Imperviousness per inhabitant , PM2.5_2020 ,EC_2020,Pop_2000,Pop_2010,Pop_2015,2001_Grasslands,2001_Croplands,2001_Urban and Built-up Lands,2001_Barren,2001_Your Landcover Name for 17,2001_Evergreen Broadleaf Forests,2001_Deciduous Broadleaf Forests,2001_Woody Savannas,2001_Savannas,2005_Grasslands,2005_Croplands,2005_Urban and Built-up Lands,2005_Barren,2005_Your Landcover Name for 17,2005_Evergreen Broadleaf Forests,2005_Deciduous Broadleaf Forests,2005_Mixed Forests,2005_Woody Savannas,2005_Savannas,2010_Grasslands,2010_Croplands,2010_Urban and Built-up Lands,2010_Barren,2010_Your Landcover Name for 17,2010_Evergreen Broadleaf Forests,2010_Deciduous Broadleaf Forests,2010_Mixed Forests,2010_Woody Savannas,2010_Savannas,2015_Grasslands,2015_Croplands,2015_Urban and Built-up Lands,2015_Cropland/Natural Vegetation Mosaics,2015_Barren,2015_Your Landcover Name for 17,2015_Evergreen Broadleaf Forests,2015_Deciduous Broadleaf Forests,2015_Mixed Forests,2015_Woody Savannas,2015_Savannas,2020_Grasslands,2020_Croplands,2020_Urban and Built-up Lands,2020_Cropland/Natural Vegetation Mosaics,2020_Barren,2020_Your Landcover Name for 17,2020_Evergreen Broadleaf Forests,2020_Deciduous Broadleaf Forests,2020_Mixed Forests,2020_Woody Savannas,2020_Savannas,Area (sq km),2001_Cropland/Natural Vegetation Mosaics,2005_Cropland/Natural Vegetation Mosaics,2010_Cropland/Natural Vegetation Mosaics,2001_Permanent Wetlands,2005_Permanent Wetlands,2010_Permanent Wetlands,2015_Permanent Wetlands,2015_Closed Shrublands,2020_Permanent Wetlands,2001_Mixed Forests,2015_Evergreen Needleleaf Forests,2001_Evergreen Needleleaf Forests,2005_Evergreen Needleleaf Forests,2010_Evergreen Needleleaf Forests,2020_Evergreen Needleleaf Forests,2001_Closed Shrublands,2001_Deciduous Needleleaf Forests,2020_Closed Shrublands,2001_Open Shrublands,2005_Open Shrublands,2010_Open Shrublands,2015_Open Shrublands,2020_Open Shrublands,2001_Permanent Snow and Ice,Normalized_2000NDVI,Normalized_2000NDMI,Normalized_2000Tree Canopy Cove,Normalized_2000Green Space Per inhabitant,Normalized_2000Semi-Natural,Normalized_ PM2.5_2000 ,Normalized_ PM2.5_2005 ,Normalized_ PM2.5_2013 ,Normalized_ PM2.5_2015 ,Normalized_ PM2.5_2019 ,Normalized_ 2005NDVI ,Normalized_ 2005NDMI ,Normalized_ 2005Tree Canopy Cover ,Normalized_ 2005Green Space per Inhabitant ,Normalized_2005 Semi-Natural ,Normalized_2005_Imperviousness per inhabitant2000,Normalized_ 2010NDVI ,Normalized_ 2010NDMI ,Normalized_ 2010Tree Canopy Cove ,Normalized_ 2010Green Space Per inhabitant ,Normalized_ 2010Semi-Natural ,Normalized_ 2015NDVI ,Normalized_ 2015NDMI ,Normalized_ 2015Tree Canopy Cove ,Normalized_ 2015Green Space Per inhabitant ,Normalized_ 2015Semi-Natural ,Normalized_ 2020NDVI ,Normalized_ 2020NDMI ,Normalized_ 2020Tree Canopy Cove ,Normalized_ 2020Green Space Per inhabitant ,Normalized_ 2020Semi-Natural ,Normalized_Pop_2000,Normalized_Pop_2010,Normalized_Pop_2015,Normalized_2001_Grasslands,Normalized_2001_Croplands,Normalized_2001_Urban and Built-up Lands,Normalized_2001_Barren,Normalized_2001_Your Landcover Name for 17,Normalized_2001_Evergreen Broadleaf Forests,Normalized_2001_Deciduous Broadleaf Forests,Normalized_2001_Woody Savannas,Normalized_2001_Savannas,Normalized_2005_Grasslands,Normalized_2005_Croplands,Normalized_2005_Urban and Built-up Lands,Normalized_2005_Barren,Normalized_2005_Your Landcover Name for 17,Normalized_2005_Evergreen Broadleaf Forests,Normalized_2005_Deciduous Broadleaf Forests,Normalized_2005_Mixed Forests,Normalized_2005_Woody Savannas,Normalized_2005_Savannas,Normalized_2010_Grasslands,Normalized_2010_Croplands,Normalized_2010_Urban and Built-up Lands,Normalized_2010_Barren,Normalized_2010_Your Landcover Name for 17,Normalized_2010_Evergreen Broadleaf Forests,Normalized_2010_Deciduous Broadleaf Forests,Normalized_2010_Mixed Forests,Normalized_2010_Woody Savannas,Normalized_2010_Savannas,Normalized_2015_Grasslands,Normalized_2015_Croplands,Normalized_2015_Urban and Built-up Lands,Normalized_2015_Cropland/Natural Vegetation Mosaics,Normalized_2015_Barren,Normalized_2015_Your Landcover Name for 17,Normalized_2015_Evergreen Broadleaf Forests,Normalized_2015_Deciduous Broadleaf Forests,Normalized_2015_Mixed Forests,Normalized_2015_Woody Savannas,Normalized_2015_Savannas,Normalized_2020_Grasslands,Normalized_2020_Croplands,Normalized_2020_Urban and Built-up Lands,Normalized_2020_Cropland/Natural Vegetation Mosaics,Normalized_2020_Barren,Normalized_2020_Your Landcover Name for 17,Normalized_2020_Evergreen Broadleaf Forests,Normalized_2020_Deciduous Broadleaf Forests,Normalized_2020_Mixed Forests,Normalized_2020_Woody Savannas,Normalized_2020_Savannas,Normalized_Area (sq km),Normalized_2001_Cropland/Natural Vegetation Mosaics,Normalized_2005_Cropland/Natural Vegetation Mosaics,Normalized_2010_Cropland/Natural Vegetation Mosaics,Normalized_2001_Permanent Wetlands,Normalized_2005_Permanent Wetlands,Normalized_2010_Permanent Wetlands,Normalized_2015_Permanent Wetlands,Normalized_2015_Closed Shrublands,Normalized_2020_Permanent Wetlands,Normalized_2001_Mixed Forests,Normalized_2015_Evergreen Needleleaf Forests,Normalized_2001_Evergreen Needleleaf Forests,Normalized_2005_Evergreen Needleleaf Forests,Normalized_2010_Evergreen Needleleaf Forests,Normalized_2020_Evergreen Needleleaf Forests,Normalized_2001_Closed Shrublands,Normalized_2001_Deciduous Needleleaf Forests,Normalized_2020_Closed Shrublands,Normalized_2001_Open Shrublands,Normalized_2005_Open Shrublands,Normalized_2010_Open Shrublands,Normalized_2015_Open Shrublands,Normalized_2020_Open Shrublands,Normalized_2001_Permanent Snow and Ice
Cordillera Administrative region (CAR),Abra,,0.72,0.65,35.0,2.5,20.0,6.93E-05,28.6,87.47006927,26.5,24.2,23.8,23.0,0.75,0.68,38.0,2.8,22.0,5.61e-05,64.23005609,0.65,35.0,2.5,20.0,20.0,0.0000693,26.5,104.6500693,0.65,35.0,2.5,20.0,20.0,0.0000693,31.5,109.6500693,0.65,35.0,2.5,20.0,20.0,0.0000693,33.7,111.8500693,209491.0,234733.0,241160.0,269.1627451,118.5598039,11.75,1.5,1.75,1579.585294,7.989215686,1348.716667,595.6892157,242.1127451,131.0745098,11.75,1.75,1.75,1596.068627,17.72058824,0.5,1376.583333,555.3931373,222.8156863,104.8245098,11.75,1.75,1.75,1641.189216,49.31960784,0.5,1346.660784,554.1431373,191.4235294,128.8245098,11.75,0.25,1.25,1.75,1683.84902,85.01568627,1.0,1234.238235,595.3519608,153.2147059,148.0745098,11.75,1.25,1.25,1.75,1786.77549,65.44117647,0.024509804,1223.208824,541.9637255,0.083455027,,,,,,,,,,,,,,,,,,,,,,,,,0.818181818,0.85106383,0.5,0.571428571,0.75,,,,,,0.833333333,0.844444444,0.787878788,0.766666667,0.85,0.449994083,0.85106383,0.5,0.571428571,0.75,0.75,0.85106383,0.5,0.571428571,0.75,0.75,0.85106383,0.5,0.571428571,0.75,0.75,0.041369941,0.039177264,0.0,0.237326487,0.044571524,0.020173717,0.056109337,0.0,0.2961803,0.436952087,0.743176535,0.22497271,0.209137923,0.051415949,0.020161513,0.071693908,0.0,0.313592054,0.498098332,0.023667224,0.677855623,0.208194424,0.185969805,0.041807228,0.020134228,0.10129571,0.0,0.341354823,1.0,0.027949375,0.590142205,0.222207793,0.176150621,0.050325297,0.020123808,0.0,0.056672188,0.0,0.384812659,1.0,0.09312293,0.448207742,0.244451643,0.137386935,0.059224105,0.020053366,0.000680151,0.1622245,0.0,0.418490279,1.0,0.0,0.461835586,0.240006301,0.341466841,,,,,,,,,,,,,,,,,,,,,,,,
Cordillera Administrative region (CAR),Apayao,,0.65,0.58,30.0,2.0,15.0,4.15E-05,28.6,76.83004149,26.5,24.2,23.8,23.0,0.7,0.62,35.0,2.5,20.0,1.03e-05,58.8200103,0.58,30.0,2.0,15.0,15.0,0.0000415,24.2,86.7800415,0.58,30.0,2.0,15.0,15.0,0.0000415,30.3,92.8800415,0.58,30.0,2.0,15.0,15.0,0.0000415,32.4,94.9800415,97129.0,112636.0,1314826.0,98.12941176,82.05588235,1.0,,,3341.451961,,299.7470588,98.90294118,104.5901961,78.06960784,1.0,,,3250.866667,,,382.6392157,100.1235294,98.65686275,69.18137255,1.0,,,3170.362745,,,437.4196078,136.1627451,78.15294118,79.75490196,1.0,15.56764706,,,3118.619608,,,490.6460784,151.3294118,97.13529412,96.51666667,1.0,9.132352941,,,3054.758824,,,521.5852941,154.9421569,0.083704639,13.78333333,17.78137255,22.2872549,,,,,,,,,,,,,,,,,,,,,,0.606060606,0.70212766,0.4,0.428571429,0.5,,,,,,0.666666667,0.711111111,0.696969697,0.666666667,0.75,0.082601016,0.70212766,0.4,0.428571429,0.5,0.5,0.70212766,0.4,0.428571429,0.5,0.5,0.70212766,0.4,0.428571429,0.5,0.5,0.0,0.0,0.351916526,0.081856049,0.030701964,0.0,,,0.629970672,,0.162449136,0.036893106,0.086060338,0.030504324,0.0,,,0.64211697,,,0.186271948,0.037147293,0.077640819,0.027557668,0.0,,,0.662647751,,,0.189971682,0.05391706,0.067082162,0.031088031,0.0,0.009696452,,,0.715954245,,,0.176818111,0.061521361,0.084222795,0.038498388,0.0,0.006041337,,,0.718437008,,,0.195729548,0.068219252,0.342711238,0.008514297,0.011140593,0.013375948,,,,,,,,,,,,,,,,,,,,,
Cordillera Administrative region (CAR),Benguet,,0.78,0.72,60.0,4.0,25.0,0.00010946,28.6,119.1001095,26.5,24.2,23.8,23.0,0.8,0.75,45.0,3.5,25.0,0.00011965,75.05011965,0.72,60.0,4.0,25.0,25.0,0.00010946,23.8,138.5201095,0.72,60.0,4.0,25.0,25.0,0.00010946,29.1,143.8201095,0.72,60.0,4.0,25.0,25.0,0.00010946,31.1,145.8201095,330129.0,403944.0,1314826.0,34.70098039,,39.5,,,719.9656863,,1227.391176,525.8911765,24.2372549,,39.5,,,746.9176471,,,1225.569608,510.7245098,21.9872549,,39.5,,,793.1715686,,,1188.85,503.9401961,24.4872549,,39.5,,,,844.8352941,,0.25,1115.288235,523.3372549,29.92156863,0.75,39.5,,,,926.0284314,,,1104.39902,447.6,0.053782902,,,,2.5,3.0,2.5,2.25,0.000980392,1.75,,,,,,,,,,,,,,,,1.0,1.0,1.0,1.0,1.0,,,,,,1.0,1.0,1.0,1.0,1.0,0.959948039,1.0,1.0,1.0,1.0,1.0,1.0,1.0,1.0,1.0,1.0,1.0,1.0,1.0,1.0,1.0,0.085786976,0.093471996,0.351916526,0.024199183,,0.072250055,,,0.133323056,,0.676008682,0.198547689,0.014147434,,0.072206348,,,0.145011207,,,0.603167438,0.191412191,0.010746332,,0.072108631,,,0.163178791,,,0.520687339,0.201994668,0.015407374,,0.072071312,,,,0.191170318,,0.018605104,0.404794432,0.214782721,0.020503154,1.18e-06,0.071819031,,,,0.214876984,,,0.416774375,0.198121127,0.19354206,,,,0.0,0.002170772,0.0,0.004471115,0.0,0.003234447,,,,,,,,,,,,,,,
Cordillera Administrative region (CAR),Ifugao,,0.75,0.7,55.0,3.5,22.0,2.41E-05,28.6,110.5500241,26.5,24.2,23.8,23.0,0.78,0.72,42.0,3.0,23.0,0.0,69.5,0.7,55.0,3.5,22.0,22.0,0.0000241,23,126.2000241,0.7,55.0,3.5,22.0,22.0,0.0000241,27.9,131.1000241,0.7,55.0,3.5,22.0,22.0,0.0000241,29.8,133.0000241,161623.0,191078.0,3292071.0,29.35294118,36.50392157,,,5.446078431,1023.079412,,357.2764706,1226.39902,46.25980392,40.78529412,,,5.196078431,973.7980392,,,407.2519608,1216.140196,66.53235294,34.28235294,,,5.446078431,961.2539216,,,401.8323529,1208.676471,95.05294118,31.08627451,,43.90490196,,4.695098039,962.9754902,,,428.7892157,1132.256863,59.86078431,41.87254902,,49.1627451,,5.446078431,1010.295098,,,450.7421569,1081.151961,0.057100063,21.95196078,11.07843137,21.73627451,2.5,2.0,2.75,3.5,0.249019608,3.978431373,,,,,,,,,,,,,,,,0.909090909,0.957446809,0.9,0.857142857,0.85,,,,,,0.933333333,0.933333333,0.909090909,0.833333333,0.9,0.0,0.957446809,0.9,0.857142857,0.85,0.85,0.957446809,0.9,0.857142857,0.85,0.85,0.957446809,0.9,0.857142857,0.85,0.85,0.023745688,0.025169684,1.0,0.01933778,0.013394627,,,0.008729378,0.190748765,,0.194298396,0.46375477,0.033856799,0.015794824,,,0.008138929,0.190053478,,,0.198444889,0.456440488,0.049612078,0.013605594,,,0.008729378,0.198494385,,,0.174309203,0.485741432,0.083355203,0.012007965,,0.02763464,,0.006955716,0.21843679,,,0.154242145,0.465647989,0.048885989,0.01653202,,0.03326803,,0.008729378,0.234810614,,,0.168860742,0.479335484,0.21007914,0.013653469,0.006881101,0.01304152,0.0,0.0,0.000560212,0.007265562,0.996062992,0.008039608,,,,,,,,,,,,,,,
Cordillera Administrative region (CAR),Kalinga,,0.68,0.6,40.0,2.8,18.0,1.22E-05,28.6,90.6800122,26.5,24.2,23.8,23.0,0.72,0.65,40.0,2.8,20.0,1.58e-05,64.1700158,0.6,40.0,2.8,18.0,18.0,0.0000122,21.8,101.2000122,0.6,40.0,2.8,18.0,18.0,0.0000122,26.7,106.1000122,0.6,40.0,2.8,18.0,18.0,0.0000122,28.5,107.9000122,174023.0,201613.0,3292071.0,117.8029412,32.66176471,2.75,,,1720.217647,,194.9186275,867.2186275,163.7,41.6127451,2.75,,,1666.832353,,,263.9098039,801.3156863,195.9127451,44.09019608,2.75,,,1570.106863,,,361.7607843,755.5098039,182.6637255,79.02843137,2.75,58.22254902,,,1512.001961,,,423.5352941,713.5980392,141.7833333,118.3813725,2.75,63.50392157,,,1517.411765,,,413.7735294,714.1960784,0.062980499,36.23039216,31.67941176,41.66960784,,,,,,,,,,,,,,,,,,,,,,0.696969697,0.744680851,0.6,0.657142857,0.65,,,,,,0.733333333,0.777777778,0.848484848,0.766666667,0.75,0.126782803,0.744680851,0.6,0.657142857,0.65,0.65,0.744680851,0.6,0.657142857,0.65,0.65,0.744680851,0.6,0.657142857,0.65,0.65,0.028311175,0.028550049,1.0,0.099739418,0.01193481,0.003284093,,,0.322823477,,0.104414336,0.327771734,0.138961422,0.016121272,0.003282107,,,0.327640685,,,0.127550899,0.300588789,0.162496899,0.017526614,0.003277665,,,0.32641979,,,0.156673112,0.30328371,0.167715789,0.030803225,0.003275969,0.036698068,,,0.345150773,,,0.152324615,0.293167161,0.126549819,0.047287772,0.003264501,0.043022189,,,0.35477117,,,0.154839583,0.31645498,0.239394945,0.022636533,0.019972326,0.025140451,,,,,,,,,,,,,,,,,,,,,
Cordillera Administrative region (CAR),Mountain Province,,0.73,0.68,50.0,3.2,20.0,9.36E-05,28.6,103.2100936,26.5,24.2,23.8,23.0,0.76,0.68,43.0,3.2,21.0,1.17e-05,68.64001171,0.68,50.0,3.2,20.0,20.0,0.0000936,20.6,114.4800936,0.68,50.0,3.2,20.0,20.0,0.0000936,25.5,119.3800936,0.68,50.0,3.2,20.0,20.0,0.0000936,27.2,121.0800936,140631.0,154187.0,1354995.0,24.43627451,12.61372549,1.647058824,,,1135.926471,,360.2539216,428.9215686,19.5627451,18.98627451,1.647058824,,,1111.568627,,,387.1392157,429.3313725,15.90784314,16.58137255,1.647058824,,,1113.179412,,,390.6735294,425.2019608,19.94509804,17.30980392,1.647058824,72.08333333,,,1101.635294,,,387.3421569,413.1941176,13.99901961,26.30294118,1.647058824,78.42058824,,,1157.45,,0.105882353,379.4794118,355.7519608,0.042588104,49.10784314,44.92156863,49.96568627,,,,,,,0.25,,,,,,,,,,,,,,,0.848484848,0.914893617,0.8,0.771428571,0.75,,,,,,0.866666667,0.844444444,0.939393939,0.9,0.8,0.093964185,0.914893617,0.8,0.771428571,0.75,0.75,0.914893617,0.8,0.771428571,0.75,0.75,0.914893617,0.8,0.771428571,0.75,0.75,0.01601676,0.013332469,0.365082757,0.014868497,0.004317615,0.001214287,,,0.212127944,,0.195946764,0.161835714,0.009963921,0.00719462,0.001213552,,,0.217404895,,,0.188497552,0.160832371,0.005442026,0.006529023,0.00121191,,,0.230415278,,,0.169398039,0.170292427,0.011033722,0.006607033,0.001211283,0.045472289,,,0.250439138,,,0.139115167,0.169405487,0.005408334,0.010273199,0.001207043,0.053167768,,,0.269620718,,0.017313308,0.14183279,0.157352589,0.137732505,0.030738192,0.028387268,0.03017592,,,,,,,0.027570548,,,,,,,,,,,,,,
National Capital region (NCR),Metropolitan Manila,,0.45,0.25,10.0,0.5,5.0, #N/A                                  ,28.6,#VALUE!,26.5,24.2,23.8,23.0,0.5,0.3,12.0,0.8,7.0,,20.6,0.25,10.0,0.5,5.0,5.0, #N/A                               ,19.4,#VALUE!,0.25,10.0,0.5,5.0,5.0, #N/A                               ,24.3,#VALUE!,0.25,10.0,0.5,5.0,5.0, #N/A                               ,25.9,#VALUE!,,,3035081.0,8.079411765,13.66862745,533.8715686,0.802941176,121.9588235,16.23823529,,6.314705882,10.40196078,8.429411765,12.49901961,534.1941176,0.802941176,121.9588235,16.48823529,,,6.011764706,10.83137255,9.670588235,8.479411765,534.9166667,0.580392157,121.9588235,16.53235294,,,5.778431373,13.11862745,8.48627451,8.620588235,535.1931373,2.119607843,0.580392157,121.9588235,16.53235294,,,6.174509804,13.66176471,8.294117647,6.814705882,537.0696078,2.208823529,0.330392157,121.9588235,17.66568627,,,5.518627451,14.21666667,0.014960441,0.645098039,0.884313725,1.564705882,3.9,3.781372549,3.281372549,2.553921569,,1.803921569,,,,,,,,,,,,,,,,0.0,0.0,0.0,0.0,0.0,,,,,,0.0,0.0,0.0,0.1,0.1,,0.0,0.0,0.0,0.0,0.0,0.0,0.0,0.0,0.0,0.0,0.0,0.0,0.0,0.0,0.0,,,0.915766143,0.0,0.004718422,1.0,0.028424578,0.283908538,0.0,,0.0,0.00338729,0.0,0.004635252,1.0,0.031822684,0.283908538,0.0,,,0.0,0.003599771,0.0,0.003289988,1.0,0.032594299,0.283908538,0.0,,,0.0,0.004376017,0.0,0.00320051,1.0,0.001183508,0.026097856,0.283908538,0.0,,,0.0,0.004804463,0.0,0.002439131,1.0,0.001332295,0.042029728,0.283908538,0.0,,,0.0,0.005755507,0.0,0.00024857,0.000403085,0.000797987,0.002803903,0.003866953,0.001750936,0.005150549,,0.003350718,,,,,,,,,,,,,,,
Region I (Ilocos region),Ilocos Norte,,0.62,0.5,25.0,1.5,10.0,0.00007387,28.6,66.22007387,26.5,24.2,23.8,23.0,0.65,0.5,30.0,1.5,12.0,8.12e-05,44.65008117,0.5,25.0,1.5,10.0,10.0,0.00007387,18.2,65.20007387,0.5,25.0,1.5,10.0,10.0,0.00007387,23.1,70.10007387,0.5,25.0,1.5,10.0,10.0,0.00007387,24.6,71.60007387,514241.0,568017.0,3292071.0,293.795098,512.3382353,41.74019608,2.662745098,16.03921569,1145.648039,18.00098039,654.0647059,757.5852941,253.3598039,532.3431373,41.74019608,2.801960784,16.03921569,1141.155882,35.44509804,5.624509804,732.8715686,682.7754902,271.4764706,481.4372549,41.74019608,3.06372549,16.03921569,1152.509804,30.94509804,2.374509804,769.8970588,675.2470588,261.8754902,504.8245098,41.74019608,0.25,1.892156863,16.03921569,1144.910784,43.19509804,2.624509804,746.3598039,681.4039216,183.6529412,436.1872549,41.74019608,3.0,1.249019608,16.03921569,1250.889216,29.81960784,0.25,812.8362745,668.4745098,0.073468496,0.5,,0.25,9.118627451,7.58627451,6.762745098,6.46372549,,7.604901961,0.25,0.16372549,,,,,,,,,,,,,,0.515151515,0.531914894,0.3,0.285714286,0.25,,,,,,0.5,0.444444444,0.545454545,0.333333333,0.35,0.651211546,0.531914894,0.3,0.285714286,0.25,0.25,0.531914894,0.3,0.285714286,0.25,0.25,0.531914894,0.3,0.285714286,0.25,0.25,0.153574151,0.146118099,1.0,0.259717459,0.194186511,0.076454062,0.102289541,0.033748191,0.213969721,1.0,0.358605406,0.286265366,0.219203623,0.209725443,0.076407812,0.115981509,0.033748191,0.223278814,1.0,0.273583552,0.35948944,0.256052628,0.2284265,0.192371022,0.07630441,0.178462424,0.033748191,0.238678943,0.626012691,0.171990357,0.336299937,0.270967658,0.243988944,0.197732469,0.076264919,0.0,0.085993106,0.033748191,0.260427016,0.507640989,0.254529515,0.270146225,0.279903693,0.166242848,0.175042436,0.075997959,0.001870414,0.162096361,0.033748191,0.291724153,0.454124788,0.047976637,0.30619284,0.296160573,0.291680873,0.000157284,,0.0,0.013255709,0.012126526,0.00955216,0.013891141,,0.015859359,0.027570548,0.0,,,,,,,,,,,,,
Region I (Ilocos region),Ilocos Sur,,0.68,0.55,30.0,1.8,12.0,0.00003982,28.6,73.63003982,26.5,24.2,23.8,23.0,0.68,0.55,35.0,1.8,15.0,3.63e-05,53.0300363,0.55,30.0,1.8,12.0,12.0,0.00003982,17,73.35003982,0.55,30.0,1.8,12.0,12.0,0.00003982,21.9,78.25003982,0.55,30.0,1.8,12.0,12.0,0.00003982,23.3,79.65003982,594206.0,658587.0,3292071.0,232.0823529,429.2568627,21.56862745,2.446078431,29.9745098,506.0705882,15.06666667,961.9666667,351.3686275,185.6401961,419.0539216,21.56862745,2.196078431,29.9745098,518.2117647,24.80490196,0.374509804,988.1784314,360.3686275,201.8333333,365.6960784,21.56862745,1.696078431,29.9745098,492.7509804,18.70392157,0.374509804,1041.118627,375.0009804,200.5460784,391.4127451,21.56862745,0.25,0.946078431,29.9745098,514.0362745,28.49215686,1.624509804,984.7215686,373.6480392,125.1794118,356.7833333,21.56862745,17.5,0.946078431,29.9745098,565.4509804,28.43627451,2.367647059,994.5098039,404.4539216,0.05411842,0.25,0.25,0.25,6.217647059,5.728431373,7.382352941,9.129411765,,9.179411765,,,0.081372549,,,,,,,,,,,,,0.696969697,0.638297872,0.4,0.371428571,0.35,,,,,,0.6,0.555555556,0.696969697,0.433333333,0.5,0.291219051,0.638297872,0.4,0.371428571,0.35,0.35,0.638297872,0.4,0.371428571,0.35,0.35,0.638297872,0.4,0.371428571,0.35,0.35,0.18301602,0.175179294,1.0,0.203620164,0.162619981,0.038599596,0.093684293,0.066660492,0.092800055,0.834978221,0.529065163,0.132474745,0.158597084,0.165030301,0.038576246,0.090473832,0.066660492,0.099606524,0.698703534,0.017547215,0.485758798,0.134922713,0.167662632,0.146099538,0.038524041,0.098128419,0.066660492,0.100057759,0.376860757,0.018306464,0.455668571,0.150080091,0.18493474,0.153270481,0.038504103,0.0,0.042795112,0.066660492,0.114822703,0.334541425,0.155172414,0.357141375,0.153113126,0.110809047,0.143122884,0.038369322,0.011732597,0.122501281,0.066660492,0.129580889,0.432926188,0.498539841,0.375096491,0.178969901,0.195214721,0.0,0.0,0.0,0.00744566,0.008093573,0.010940607,0.019850437,,0.019254471,,,0.0,,,,,,,,,,,,
Region I (Ilocos region),La Union,,0.66,0.53,28.0,1.7,11.0,0.00004887,28.6,70.49004887,26.5,24.2,23.8,23.0,0.67,0.53,33.0,1.7,14.0,4.98e-05,49.90004979,0.53,28.0,1.7,11.0,11.0,0.00004887,15.8,68.03004887,0.53,28.0,1.7,11.0,11.0,0.00004887,20.7,72.93004887,0.53,28.0,1.7,11.0,11.0,0.00004887,22,74.23004887,657945.0,741906.0,3292071.0,174.1372549,217.922549,32.75686275,0.611764706,18.72647059,106.3098039,0.5,633.7313725,255.1705882,156.5480392,183.9460784,32.75686275,0.861764706,18.72647059,109.5843137,0.25,,671.6519608,265.6490196,187.85,165.8539216,32.75686275,,18.72647059,93.36470588,,,701.854902,239.65,164.8127451,182.472549,32.75686275,0.25,,18.72647059,116.8970588,,,684.2343137,240.6901961,84.91568627,176.7411765,32.75686275,1.75,,18.72647059,148.7019608,,,738.8382353,238.7039216,0.030581263,,0.25,0.5,9.51372549,9.155882353,8.823529412,8.540196078,,8.246078431,,,,,,,,,,,,,,,,0.636363636,0.595744681,0.36,0.342857143,0.3,,,,,,0.566666667,0.511111111,0.636363636,0.4,0.45,0.399435828,0.595744681,0.36,0.342857143,0.3,0.3,0.595744681,0.36,0.342857143,0.3,0.3,0.595744681,0.36,0.342857143,0.3,0.3,0.206483728,0.201913861,1.0,0.150947684,0.082324114,0.059595716,0.020831711,0.040094935,0.017064301,0.01576887,0.347348527,0.09605488,0.132560682,0.072274971,0.059559664,0.034299158,0.040094935,0.018482244,0.003386913,,0.32921152,0.09933607,0.155462127,0.066205817,0.059479062,,0.040094935,0.016143159,,,0.306353575,0.095583957,0.150527047,0.071357494,0.059448279,0.0,,0.040094935,0.023163932,,,0.247472217,0.098336594,0.07263842,0.070747807,0.059240185,0.001020226,,0.040094935,0.030997175,,,0.278127468,0.10539854,0.077874664,,0.0,0.000151742,0.014047007,0.015533786,0.014170063,0.018533211,,0.017241926,,,,,,,,,,,,,,,
Region I (Ilocos region),Pangasinan,,0.7,0.6,45.0,2.2,17.0,0.00005749,28.6,94.10005749,26.5,24.2,23.8,23.0,0.7,0.58,38.0,2.0,17.0,5.38e-05,58.28005377,0.6,45.0,2.2,17.0,17.0,0.00005749,14.6,96.40005749,0.6,45.0,2.2,17.0,17.0,0.00005749,19.5,101.3000575,0.6,45.0,2.2,17.0,17.0,0.00005749,20.7,102.5000575,2434086.0,2779862.0,1354995.0,432.8039216,1439.967647,130.8745098,0.087254902,105.5313725,210.0107843,9.43627451,123.2794118,2642.816667,442.854902,1339.497059,130.8745098,0.087254902,107.0313725,207.0058824,5.453921569,0.619607843,177.7401961,2662.911765,464.7862745,1415.834314,131.3745098,0.025490196,107.0313725,205.2372549,0.920588235,0.13627451,226.0127451,2485.930392,379.627451,1479.660784,131.3745098,92.40392157,0.025490196,107.0313725,213.3539216,1.499019608,0.315686275,298.3901961,2429.277451,330.6754902,1325.419608,131.8745098,243.1519608,,106.5313725,273.0980392,1.842156863,0.264705882,467.3686275,2254.164706,0.109906006,46.33823529,66.33823529,98.24509804,82.07352941,82.88529412,87.99215686,91.22941176,,89.62941176,0.581372549,0.637254902,1.025490196,1.526470588,1.3,0.805882353,,,,,,,,,,0.757575758,0.744680851,0.7,0.485714286,0.6,,,,,,0.666666667,0.622222222,0.787878788,0.5,0.6,0.431373494,0.744680851,0.7,0.485714286,0.6,0.6,0.744680851,0.7,0.485714286,0.6,0.6,0.744680851,0.7,0.485714286,0.6,0.6,0.860431218,0.855832791,0.365082757,0.386077405,0.546636648,0.243725726,0.0,0.245110275,0.03671073,0.51833269,0.064753649,1.0,0.388794713,0.528165811,0.243578287,0.001692257,0.248652967,0.037823222,0.150745399,0.029500359,0.084933239,1.0,0.397089945,0.565928124,0.244185128,0.0,0.248652967,0.039648574,0.014906014,0.0,0.096928387,1.0,0.357372524,0.579907625,0.244058751,0.058335728,0.000761001,0.248652967,0.045425943,0.016747847,0.025131502,0.106650274,1.0,0.305622474,0.532504604,0.244137157,0.1652099,,0.247472069,0.060423585,0.025390244,0.051105549,0.175166694,1.0,0.473333208,0.028995734,0.041996834,0.059480065,0.159368925,0.175583501,0.191574854,0.203389719,,0.192728626,0.082387285,0.128903122,0.21703854,0.462068966,0.394340759,0.23410596,,,,,,,,,
Region II (Cagayan Valley),Cagayan,,0.67,0.58,40.0,2.0,16.0,1.13E-05,28.6,87.85001133,26.5,24.2,23.8,23.0,0.68,0.55,40.0,2.2,18.0,1.87e-05,61.43001868,0.58,40.0,2.0,16.0,16.0,0.0000113,13.4,87.9800113,0.58,40.0,2.0,16.0,16.0,0.0000113,18.3,92.8800113,0.58,40.0,2.0,16.0,16.0,0.0000113,19.4,93.9800113,2813159.0,3229163.0,3292071.0,1108.181373,671.0941176,52.54509804,3.392156863,139.6019608,4243.590196,,566.845098,1728.337255,1125.794118,785.0470588,52.54509804,3.507843137,139.6411765,4036.165686,0.130392157,3.175490196,722.1,1691.344118,1155.798039,791.0460784,52.54509804,3.129411765,139.3960784,3808.556863,0.544117647,2.475490196,846.5264706,1686.663725,1047.013725,949.4764706,52.54509804,294.9784314,2.379411765,139.3960784,3695.328431,1.584313725,2.441176471,885.5882353,1697.17451,1063.129412,1313.092157,52.79509804,288.3588235,1.738235294,139.4352941,3622.369608,0.98627451,2.333333333,865.8813725,1407.946078,0.190836865,249.9813725,220.1647059,283.0009804,199.4862745,187.604902,197.5509804,198.7627451,,209.3666667,3.019607843,3.837254902,4.431372549,3.285294118,3.27254902,3.073529412,,,,,,,,,,0.666666667,0.70212766,0.6,0.428571429,0.55,,,,,,0.6,0.555555556,0.848484848,0.566666667,0.65,0.149855344,0.70212766,0.6,0.428571429,0.55,0.55,0.70212766,0.6,0.428571429,0.55,0.55,0.70212766,0.6,0.428571429,0.55,0.55,1.0,1.0,1.0,1.0,0.254505354,0.096730809,0.131259248,0.325578003,0.800883184,,0.310319149,0.653784868,1.0,0.309422821,0.096672293,0.145699191,0.325670622,0.798021369,0.0,0.154147741,0.35416205,0.634977043,1.0,0.316147712,0.096541467,0.18232076,0.325091751,0.796737998,0.007243485,0.179749887,0.370025678,0.678192625,1.0,0.37205398,0.096491502,0.186570439,0.108241193,0.325091751,0.849057248,0.017752026,0.236314046,0.320960575,0.698385143,1.0,0.527549097,0.096620098,0.195957372,0.226037929,0.32518437,0.852707699,0.012274455,0.491239049,0.326311351,0.624389408,0.876798744,0.15711481,0.139748343,0.171621306,0.394521785,0.402905854,0.437079429,0.443786684,,0.450917801,0.485728187,1.0,1.0,1.0,1.0,1.0,,,,,,,,,
Region II (Cagayan Valley),Isabela,,0.72,0.62,50.0,2.5,18.0,4.91E-05,28.6,100.4400491,26.5,24.2,23.8,23.0,0.72,0.62,42.0,2.5,20.0,5.76e-05,65.84005758,0.62,50.0,2.5,18.0,18.0,0.0000491,12.2,101.3200491,0.62,50.0,2.5,18.0,18.0,0.0000491,17.1,106.2200491,0.62,50.0,2.5,18.0,18.0,0.0000491,18.1,107.2200491,1287575.0,1489645.0,3292071.0,275.2431373,1431.962745,74.13431373,,70.41960784,4615.637255,,313.3696078,2218.760784,314.9490196,1540.952941,74.13431373,0.25,70.16960784,4465.133333,,,401.7,2181.713725,362.4470588,1571.282353,74.38431373,0.5,70.41960784,4352.330392,,,453.4127451,2166.113725,260.054902,1603.796078,74.63431373,1181.178431,0.5,69.67156863,4272.222549,,,465.6745098,2217.822549,214.9313725,1894.280392,75.38431373,1279.861765,0.5,70.41960784,4226.627451,,,476.1607843,1906.10098,0.215549716,1154.571569,1102.514706,1098.30098,41.05196078,43.49901961,45.3254902,48.69313725,,50.38529412,,1.096078431,0.193137255,0.32745098,0.82745098,0.692156863,,,,,,,,,,0.818181818,0.787234043,0.8,0.571428571,0.65,,,,,,0.733333333,0.711111111,0.909090909,0.666666667,0.75,0.461935184,0.787234043,0.8,0.571428571,0.65,0.65,0.787234043,0.8,0.571428571,0.65,0.65,0.787234043,0.8,0.571428571,0.65,0.65,0.438303701,0.44184087,1.0,0.242853604,0.543595209,0.137245667,,0.162183502,0.871368498,,0.169990811,0.839455584,0.274323689,0.607644685,0.137162642,0.008543834,0.161593054,0.883183762,,,0.195699007,0.819211424,0.30779864,0.628073781,0.137445257,0.027872157,0.162183502,0.910989642,,,0.197010498,0.871232761,0.242235896,0.628573669,0.137842118,0.747557113,0.022427145,0.160416787,0.982203017,,,0.16770421,0.912883918,0.19589528,0.76118073,0.138758685,0.870328633,0.064197847,0.162183502,0.995647404,,,0.178501311,0.845505147,1.0,0.726224393,0.700451866,0.666483782,0.077211412,0.090084894,0.095965377,0.108297426,,0.108106623,,0.253803042,0.025693036,0.095352324,0.249247441,0.195695364,,,,,,,,,
Region II (Cagayan Valley),Nueva Vizcaya,,0.7,0.6,40.0,2.2,15.0,4.25E-05,28.6,87.10004253,26.5,24.2,23.8,23.0,0.7,0.6,40.0,2.2,15.0,5.04e-05,58.50005041,0.6,40.0,2.2,15.0,15.0,0.0000425,11,83.8000425,0.6,40.0,2.2,15.0,15.0,0.0000425,15.9,88.7000425,0.6,40.0,2.2,15.0,15.0,0.0000425,16.8,89.6000425,366962.0,421355.0,1354995.0,79.55588235,56.8745098,18.5,,,1724.712745,,694.7617647,1559.37451,78.75,60.61470588,18.75,,,1608.968627,0.25,,813.5431373,1551.792157,83.76078431,56.85196078,18.75,,,1598.890196,,,813.4892157,1549.082353,98.05882353,75.58921569,18.75,126.2852941,,,1592.569608,,,906.8862745,1388.769608,92.83431373,107.545098,18.75,134.1196078,,,1659.42451,,,1004.593137,1189.642157,0.088630148,72.87941176,74.24019608,86.08431373,,,,,,,,,,,,,0.25,,,,,,,,,0.757575758,0.744680851,0.6,0.485714286,0.5,,,,,,0.666666667,0.666666667,0.848484848,0.566666667,0.5,0.40446872,0.744680851,0.6,0.485714286,0.5,0.5,0.744680851,0.6,0.485714286,0.5,0.5,0.744680851,0.6,0.485714286,0.5,0.5,0.099348314,0.099058664,0.365082757,0.064972587,0.021134373,0.032840934,,,0.323675085,,0.38113599,0.589816824,0.06293432,0.023617972,0.03328994,,,0.316153074,0.003386913,,0.399387886,0.582546655,0.064643942,0.022628565,0.033244888,,,0.332467424,,,0.355485492,0.622798472,0.086249573,0.029454914,0.033227683,0.079783481,,,0.363745591,,,0.328733744,0.571327191,0.0801454,0.042931702,0.033111372,0.091051486,,,0.388364875,,,0.378920815,0.527490967,0.367266434,0.045693723,0.047018262,0.052098836,,,,,,,,,,,,,0.0,,,,,,,,
Region II (Cagayan Valley),Quirino,,0.68,0.55,35.0,1.8,14.0,2.69E-05,28.6,80.63002692,26.5,24.2,23.8,23.0,0.68,0.55,38.0,1.8,14.0,2.69e-05,55.03002692,0.55,35.0,1.8,14.0,14.0,0.0000269,9.8,75.1500269,0.55,35.0,1.8,14.0,14.0,0.0000269,14.7,80.0500269,0.55,35.0,1.8,14.0,14.0,0.0000269,15.5,80.8500269,148575.0,176786.0,1354995.0,20.30392157,63.38921569,4.0,,,1905.168627,,347.4352941,460.7431373,20.76470588,65.81568627,4.0,,,1737.041176,,,475.1627451,492.8647059,21.08529412,65.84411765,4.0,,,1624.189216,0.25,,565.2372549,529.5235294,23.54215686,85.5254902,4.0,213.6411765,,,1520.210784,,,625.1303922,559.6558824,30.51372549,116.5460784,4.0,202.8078431,,,1528.508824,,,670.9039216,478.1754902,0.063870306,230.6656863,236.0568627,221.5764706,,,,,,0.25,,,,,,,,,,,,,,,,0.696969697,0.638297872,0.5,0.371428571,0.45,,,,,,0.6,0.555555556,0.787878788,0.433333333,0.45,0.215997418,0.638297872,0.5,0.371428571,0.45,0.45,0.638297872,0.5,0.371428571,0.45,0.45,0.638297872,0.5,0.371428571,0.45,0.45,0.018941617,0.02058381,0.365082757,0.011112161,0.023609617,0.005629874,,,0.357862937,,0.188850154,0.173883124,0.011039631,0.025669876,0.005626469,,,0.341579152,,,0.232032122,0.184702171,0.009959369,0.026223486,0.005618854,,,0.337782972,0.001257134,,0.246226123,0.212295242,0.014497337,0.033350335,0.005615946,0.13508193,,,0.34704535,,,0.225900996,0.229745422,0.021064528,0.046550003,0.005596288,0.137769826,,,0.357396225,,,0.252361897,0.211692653,0.243830909,0.144962631,0.14984727,0.134338483,,,,,,0.0,,,,,,,,,,,,,,,
Region V (Bicol region),Albay,,0.75,0.68,50.0,3.0,22.0,3.89E-05,28.6,105.0300389,26.5,24.2,23.8,23.0,0.75,0.68,45.0,3.0,22.0,2.95e-05,71.4300295,0.68,50.0,3.0,22.0,22.0,0.0000389,8.6,106.2800389,0.68,50.0,3.0,22.0,22.0,0.0000389,13.5,111.1800389,0.68,50.0,3.0,22.0,22.0,0.0000389,14.2,111.8800389,1090907.0,1233432.0,1314826.0,110.3137255,73.46764706,32.17843137,,44.54411765,781.6764706,,871.227451,153.5960784,134.2254902,70.71568627,32.17843137,,44.54411765,675.0372549,0.35,0.353921569,974.095098,168.7098039,132.2509804,74.46764706,32.17843137,0.5,44.54411765,548.7901961,0.378431373,0.206862745,1175.688235,154.7578431,116.9303922,94.13235294,32.17843137,184.8392157,,44.54411765,506.2156863,0.210784314,0.062745098,1277.196078,107.3529412,257.1745098,148.3480392,32.17843137,163.8303922,0.25,44.54411765,284.2156863,,0.534313725,1363.434314,71.66372549,0.050812725,275.8137255,261.1931373,200.4098039,101.0901961,84.42745098,81.38823529,81.70784314,,79.51666667,0.92254902,0.678431373,0.468627451,0.218627451,0.488235294,0.358823529,0.75,,,,,,,,,0.909090909,0.914893617,0.8,0.714285714,0.85,,,,,,0.833333333,0.844444444,1.0,0.833333333,0.85,0.236652691,0.914893617,0.8,0.714285714,0.85,0.85,0.914893617,0.8,0.714285714,0.85,0.85,0.914893617,0.8,0.714285714,0.85,0.85,0.365893602,0.359629806,0.351916526,0.092931671,0.027438888,0.058510217,,0.101070912,0.14501433,,0.478830392,0.057599523,0.112582828,0.027603036,0.058474822,,0.101070912,0.130740886,0.006218595,0.016543151,0.47879348,0.062915509,0.106951798,0.029671036,0.058395689,0.027872157,0.101070912,0.111832096,0.003871174,0.005424137,0.514894651,0.061403973,0.104421041,0.036724572,0.058365466,0.116849572,,0.101070912,0.11301773,0.001581292,0.0,0.463886112,0.043403749,0.23594242,0.059334061,0.058161162,0.111259292,0.031522296,0.101070912,0.063053511,,0.108468919,0.515019164,0.031254501,0.178734803,0.173366854,0.165820521,0.121490956,0.197455281,0.178931172,0.176776475,0.182103704,,0.170922536,0.138825819,0.14011209,0.089024115,0.062068966,0.145093317,0.083112583,1.0,,,,,,,,
Region V (Bicol region),Camarines Norte,,0.72,0.65,40.0,2.2,18.0,3.29E-05,28.6,90.1700329,26.5,24.2,23.8,23.0,0.72,0.65,40.0,2.2,18.0,2.48e-05,61.57002476,0.65,40.0,2.2,18.0,18.0,0.0000329,7.4,86.2500329,0.65,40.0,2.2,18.0,18.0,0.0000329,12.3,91.1500329,0.65,40.0,2.2,18.0,18.0,0.0000329,12.9,91.7500329,470654.0,542915.0,3292071.0,140.695098,64.99607843,11.65294118,,49.79411765,1290.014706,,376.7441176,4.058823529,132.6245098,66.49607843,11.65294118,,49.79411765,1274.566667,,,415.0607843,5.633333333,138.0813725,67.74607843,11.65294118,,49.80392157,1123.717647,0.25,,558.2715686,4.040196078,116.6068627,70.24607843,11.65294118,6.75,,49.79411765,1087.140196,,,609.6392157,4.319607843,193.6156863,70.99607843,11.65294118,4.75,,49.79411765,953.8068627,,,660.6372549,4.423529412,0.043556173,11.25,4.5,5.75,139.3705882,128.2480392,129.2627451,132.427451,,138.9,,,,,,,,,,,,,,,,0.818181818,0.85106383,0.6,0.485714286,0.65,,,,,,0.733333333,0.777777778,0.848484848,0.566666667,0.65,0.19864064,0.85106383,0.6,0.485714286,0.65,0.65,0.85106383,0.6,0.485714286,0.65,0.65,0.85106383,0.6,0.485714286,0.65,0.65,0.137526095,0.13806362,1.0,0.120548541,0.02422014,0.019991574,,0.113470333,0.241320374,,0.205076016,0.000985825,0.11115001,0.025938306,0.01997948,,0.113470333,0.249764685,,,0.202306968,0.001646841,0.112038835,0.02698386,0.019952442,,0.113493488,0.232629455,0.001257134,,0.243160421,0.000720784,0.104109514,0.027360189,0.019942115,0.004114662,,0.113470333,0.247093704,,,0.220247164,0.000955642,0.175687683,0.028239376,0.01987231,0.003060677,,0.113470333,0.221448087,,,0.248468039,0.001408633,0.142558633,0.006920488,0.002700731,0.003338334,0.274122798,0.274055661,0.284055933,0.29549031,,0.298970685,,,,,,,,,,,,,,,
Region V (Bicol region),Camarines Sur,,0.78,0.72,55.0,2.8,20.0,,28.6,107.9,,,,,,,,,,2.72e-05,2.72e-05,0.72,55.0,2.8,20.0,20.0, *FILL IN*                          , *FILL IN*  ,#VALUE!,0.72,55.0,2.8,20.0,20.0, *FILL IN*                          , *FILL IN*  ,#VALUE!,0.72,55.0,2.8,20.0,20.0, *FILL IN*                          , *FILL IN*  ,#VALUE!,1551549.0,1822371.0,3292071.0,432.077451,488.8313725,42.21862745,0.134313725,178.9617647,2099.176471,,1109.395098,125.5862745,507.9686275,506.3480392,42.21862745,,178.7117647,1893.201961,0.5,1.260784314,1243.462745,143.4411765,456.5598039,471.177451,42.21862745,,178.7117647,1699.237255,,0.867647059,1539.411765,131.2647059,338.85,385.7137255,42.21862745,739.7284314,,178.7117647,1494.372549,0.151960784,0.131372549,1863.170588,104.5156863,624.1009804,637.5872549,42.46862745,531.0911765,,178.7117647,1189.278431,,0.368627451,1881.644118,61.9872549,0.111455102,670.7784314,641.0401961,632.204902,202.6980392,195.5460784,202.5382353,206.4264706,,207.1637255,3.193137255,0.882352941,1.623529412,1.173529412,0.681372549,0.221568627,,0.199019608,0.25,,,,,,,1.0,1.0,0.9,0.657142857,0.75,,,,,,,,,,,0.218309644,1.0,0.9,0.657142857,0.75,0.75,1.0,0.9,0.657142857,0.75,0.75,1.0,0.9,0.657142857,0.75,0.75,0.535494821,0.548602659,1.0,0.385417038,0.185255146,0.077351898,0.001869013,0.418537771,0.394618244,,0.610684048,0.046995218,0.447069084,0.199469793,0.077305105,,0.417947323,0.372581551,0.010466117,0.060769782,0.612017004,0.053421956,0.389912322,0.188269315,0.077200488,,0.417947323,0.353551231,,0.05620009,0.674974769,0.051944971,0.318107841,0.151036236,0.077160533,0.468108267,,0.417947323,0.341081947,0.000888756,0.006818625,0.67774986,0.042234845,0.583794329,0.256003143,0.077356796,0.361051913,,0.417947323,0.277149866,,0.073216521,0.711561544,0.026959412,0.481055937,0.421853075,0.407200454,0.383577539,0.40095427,0.420144335,0.448255105,0.460919384,,0.446167604,0.514433993,0.195623165,0.354518819,0.354122939,0.204394943,0.036754967,,,,,,,,,
Region V (Bicol region),Catanduanes,,0.68,0.55,30.0,1.5,12.0,4.74E-05,28.6,73.33004744,26.5,24.2,23.8,23.0,0.68,0.55,35.0,1.5,12.0,3.98e-05,49.73003983,0.55,30.0,1.5,12.0,12.0,0.0000474,5.8,61.8500474,0.55,30.0,1.5,12.0,12.0,0.0000474,10.7,66.7500474,0.55,30.0,1.5,12.0,12.0,0.0000474,10.5,66.5500474,215356.0,246300.0,3292071.0,46.8627451,1.25,8.578431373,,35.13333333,1257.246078,,78.12745098,2.184313725,54.10882353,1.5,8.578431373,,35.13333333,1233.410784,,,100.2372549,1.25,57.12843137,0.25,8.578431373,,35.13333333,1171.443137,,,156.4068627,2.25,44.55098039,0.75,8.578431373,,,35.13333333,1149.470588,,,187.0382353,2.5,61.8745098,2.0,8.578431373,0.25,,35.13333333,1078.428431,,,238.6441176,1.25,0.031008306,,,,59.74803922,55.02745098,58.05588235,61.03039216,,62.65882353,,0.209803922,0.131372549,0.015686275,0.015686275,0.194117647,,,0.25,,,,,,,0.696969697,0.638297872,0.4,0.285714286,0.35,,,,,,0.6,0.555555556,0.696969697,0.333333333,0.35,0.319584135,0.638297872,0.4,0.285714286,0.35,0.35,0.638297872,0.4,0.285714286,0.35,0.35,0.638297872,0.4,0.285714286,0.35,0.35,0.043529342,0.042888767,1.0,0.035254308,0.0,0.014221872,,0.078844573,0.235112269,,0.039756756,0.00027615,0.040881381,0.000295892,0.014213269,,0.078844573,0.241594061,,,0.046601929,0.0,0.041407125,0.0,0.014194034,,0.078844573,0.242657004,,,0.066293806,0.0,0.034726772,0.000114922,0.014186688,,,0.078844573,0.261479408,,,0.066010029,0.000205992,0.050795032,0.000503669,0.014137029,0.0,,0.078844573,0.250927837,,,0.088417931,0.0,0.080003605,,,,0.114655697,0.115110486,0.124492239,0.13587807,,0.134572007,,0.012543368,0.011494253,0.0,0.0,0.027483444,,,,,,,,,
Region V (Bicol region),Masbate,,0.62,0.45,20.0,1.0,10.0,6.70E-06,28.6,60.6700067,26.5,24.2,23.8,23.0,0.6,0.48,25.0,1.0,10.0,5.3e-06,37.0800053,0.45,20.0,1.0,10.0,10.0,0.0000067,4.6,46.0500067,0.45,20.0,1.0,10.0,10.0,0.0000067,9.5,50.9500067,0.45,20.0,1.0,10.0,10.0,0.0000067,9.2,50.6500067,707668.0,834650.0,3035081.0,302.6764706,160.6215686,3.751960784,,136.9333333,171.0921569,,721.9529412,735.8254902,231.2411765,138.1137255,3.751960784,,137.0852941,152.1686275,,0.014705882,832.9117647,768.6843137,234.2254902,51.37941176,3.751960784,,137.0647059,180.9627451,,,874.4705882,694.3205882,242.7960784,96.85196078,4.501960784,1579.966667,,137.0647059,160.3117647,,,970.6078431,632.622549,373.0137255,166.0764706,4.751960784,1470.512745,,136.9127451,168.1166667,0.283333333,,924.9372549,577.2245098,0.083559134,1589.733333,1573.898039,1647.778431,213.7735294,199.1921569,212.977451,212.0882353,,215.1813725,0.6,0.38627451,0.237254902,0.13627451,0.266666667,0.187254902,,,,,,,,,,0.515151515,0.425531915,0.2,0.142857143,0.25,,,,,,0.333333333,0.4,0.393939394,0.166666667,0.25,0.042536626,0.425531915,0.2,0.142857143,0.25,0.25,0.425531915,0.2,0.142857143,0.25,0.25,0.425531915,0.2,0.142857143,0.25,0.25,0.224790963,0.231672628,0.915766143,0.267790686,0.060552771,0.005164398,,0.319275253,0.029337491,,0.396189487,0.278027265,0.199408272,0.054193078,0.005161274,,0.319634153,0.026936453,,0.0,0.408967198,0.288329015,0.195924896,0.020440727,0.005154289,,0.319585528,0.034548284,,,0.382324298,0.278647201,0.225617343,0.037790768,0.006555608,1.0,,0.319585528,0.033183941,,,0.351990273,0.259806537,0.345759769,0.066460706,0.006999018,1.0,,0.319226628,0.035589805,0.001502381,,0.348709583,0.255657486,0.341985848,1.0,1.0,1.0,0.423136131,0.428059139,0.471647792,0.473576585,,0.463456038,0.085468699,0.060581799,0.035835024,0.036881559,0.077062011,0.025165563,,,,,,,,,
Region V (Bicol region),Sorsogon,,0.7,0.58,35.0,1.7,15.0,1.63E-05,28.6,81.58001633,26.5,24.2,23.8,23.0,0.68,0.58,38.0,1.7,15.0,1.81e-05,55.96001806,0.58,35.0,1.7,15.0,15.0,0.0000163,3.4,70.6800163,0.58,35.0,1.7,15.0,15.0,0.0000163,8.3,75.5800163,0.58,35.0,1.7,15.0,15.0,0.0000163,7.9,75.1800163,650535.0,740743.0,292781.0,128.7754902,28.74901961,11.75,,48.31666667,1152.132353,,480.9882353,28.03627451,138.4333333,32.49901961,11.75,,48.56666667,1097.652941,,,539.7303922,39.29705882,158.0127451,35.24901961,11.75,,48.56666667,1046.040196,,,584.9372549,31.03823529,165.0813725,43.44117647,12.0,10.25,,48.31666667,949.1,,,678.8656863,25.75392157,243.1745098,42.3754902,12.0,7.75,,48.31666667,824.2196078,,,741.5362745,14.74803922,0.042758968,32.20490196,21.8127451,15.5627451,150.2892157,131.5,129.8352941,128.1833333,,127.045098,,0.53627451,0.28627451,0.28627451,0.53627451,0.112745098,,,0.25,,,,,,,0.757575758,0.70212766,0.5,0.342857143,0.5,,,,,,0.6,0.622222222,0.787878788,0.4,0.5,0.144911051,0.70212766,0.5,0.342857143,0.5,0.5,0.70212766,0.5,0.342857143,0.5,0.5,0.70212766,0.5,0.342857143,0.5,0.5,0.203755481,0.201540689,0.016919864,0.109713538,0.010448174,0.020173717,,0.109980897,0.215198192,,0.262787331,0.010063511,0.116348692,0.012525702,0.020161513,,0.110571346,0.214642232,,,0.263965911,0.014294475,0.129429024,0.013992052,0.020134228,,0.110571346,0.216308733,,,0.254896385,0.011590958,0.150785709,0.016851585,0.020591803,0.006330249,,0.109980897,0.21523436,,,0.245512824,0.009786241,0.222670206,0.016734197,0.020519723,0.005101129,,0.109980897,0.190793683,,,0.279150758,0.005991367,0.138584317,0.020103955,0.013702394,0.009294374,0.295990497,0.281114925,0.285338928,0.286002341,,0.273407986,,0.101414465,0.047103899,0.082758621,0.159843468,0.0,,,,,,,,,
Region VIII (Eastern Visayas),Northern Samar,,0.58,0.4,25.0,1.2,11.0,2.02E-05,28.6,66.78002024,26.5,24.2,23.8,23.0,0.58,0.42,30.0,1.2,11.0,2.82e-05,43.20002824,0.4,25.0,1.2,11.0,11.0,0.0000202,2.2,50.8000202,0.4,25.0,1.2,11.0,11.0,0.0000202,7.1,55.7000202,0.4,25.0,1.2,11.0,11.0,0.0000202,6.6,55.2000202,500639.0,589013.0,1354995.0,292.6205882,1.5,14.14019608,,91.86470588,2538.326471,,123.3931373,1.454901961,263.0901961,0.75,14.14019608,,92.52647059,2523.832353,,,191.0441176,2.704901961,259.2578431,0.25,14.14019608,,91.95784314,2454.347059,,,265.0843137,3.343137255,214.4068627,0.5,14.14019608,3.25,0.008823529,91.71764706,2335.837255,,,438.2970588,5.093137255,397.5705882,2.5,14.14019608,1.5,0.008823529,91.71764706,2072.42451,,,544.554902,4.039215686,0.069477357,0.75,2.25,4.25,290.977451,264.5411765,262.1284314,251.1205882,,226.395098,,0.852941176,0.197058824,0.345098039,0.465686275,0.373529412,,,,,,,,,,0.393939394,0.319148936,0.3,0.2,0.3,,,,,,0.266666667,0.266666667,0.545454545,0.233333333,0.3,0.226602689,0.319148936,0.3,0.2,0.3,0.3,0.319148936,0.3,0.2,0.3,0.3,0.319148936,0.3,0.2,0.3,0.3,0.148566106,0.152855085,0.365082757,0.258649822,9.5e-05,0.024659218,,0.212832417,0.477816391,,0.064816609,0.0,0.227911964,0.0,0.024644301,,0.214395369,0.497779787,,,0.091513077,0.000546614,0.217765707,0.0,0.024610949,,0.213052388,0.512206502,,,0.114124364,0.000440128,0.198281315,1.69e-05,0.024598212,0.001899075,0.0,0.212485094,0.535289969,,,0.157712232,0.001274324,0.369040051,0.000704664,0.024512108,0.000850188,0.0,0.212485094,0.486061742,,,0.204441273,0.001238048,0.271783804,0.000314568,0.001270932,0.002427879,0.577759233,0.569916936,0.581787625,0.56083566,,0.487636169,,0.18761676,0.026594546,0.100749625,0.138169777,0.08807947,,,,,,,,,
Region III (Central Luzon),Bataan,,0.6,0.42,20.0,1.0,8.0,7.60E-05,28.6,58.62007599,26.5,24.2,23.8,23.0,0.62,0.45,25.0,1.0,8.0,5.99e-05,35.07005986,0.42,20.0,1.0,8.0,8.0,0.000076,1,38.420076,0.42,20.0,1.0,8.0,8.0,0.000076,5.9,43.320076,0.42,20.0,1.0,8.0,8.0,0.000076,5.3,42.720076,557659.0,687482.0,1314826.0,195.4941176,205.2843137,33.38039216,0.16372549,37.63235294,409.3137255,1.406862745,95.12843137,272.3431373,112.6333333,177.8176471,33.38039216,0.16372549,37.74901961,408.2833333,2.391176471,0.397058824,147.295098,332.4784314,122.0343137,135.3941176,33.88039216,0.070588235,38.46960784,393.2362745,0.720588235,0.75,195.1362745,322.4519608,111.5696078,142.1862745,34.13039216,27.91862745,0.070588235,38.46960784,389.2411765,1.75,0.5,242.0529412,284.6833333,101.5068627,103.6352941,34.88039216,37.05392157,0.070588235,38.15392157,408.9088235,1.220588235,,326.0323529,221.1176471,0.027094839,22.75196078,20.25882353,31.13823529,22.77254902,22.82058824,22.78627451,23.39019608,,23.09019608,0.397058824,0.302941176,0.197058824,0.597058824,0.197058824,0.595098039,,,,,,,,,,0.454545455,0.361702128,0.2,0.142857143,0.15,,,,,,0.4,0.333333333,0.393939394,0.166666667,0.15,0.480238557,0.361702128,0.2,0.142857143,0.15,0.15,0.361702128,0.2,0.142857143,0.15,0.15,0.361702128,0.2,0.142857143,0.15,0.15,0.169559983,0.184450833,0.351916526,0.170361214,0.077522253,0.060765847,0.003037147,0.084746744,0.074469207,0.066769587,0.049168788,0.102556279,0.093258648,0.069857167,0.060729087,0.004911672,0.085022287,0.077782574,0.064018212,0.018646904,0.06987574,0.124444223,0.098037723,0.054028472,0.061583378,0.002649007,0.086724168,0.079148837,0.010835296,0.047159861,0.083339194,0.128922369,0.099259132,0.055563648,0.062019502,0.01751493,0.00282018,0.086724168,0.086020296,0.019702671,0.04344438,0.086088805,0.116461072,0.088367109,0.041360002,0.063201479,0.025032207,0.008072783,0.085978582,0.092550191,0.015865146,,0.121561827,0.09759253,0.060493754,0.014156777,0.012714929,0.018748226,0.040601622,0.045196742,0.04545844,0.051731242,,0.049250264,0.051897502,0.037896984,0.026594546,0.177811094,0.055689344,0.162913907,,,,,,,,,
Region III (Central Luzon),Bulacan,,0.64,0.48,15.0,0.8,7.0,8.93E-05,28.6,52.52008934,26.5,24.2,23.8,23.0,0.66,0.5,20.0,0.8,7.0,6.7e-05,28.96006696,0.48,15.0,0.8,7.0,7.0,0.0000893,0.2,30.4800893,0.48,15.0,0.8,7.0,7.0,0.0000893,4.7,34.9800893,0.48,15.0,0.8,7.0,7.0,0.0000893,4,34.2800893,2234088.0,2924433.0,3292071.0,80.12843137,810.127451,149.5941176,1.5,260.2166667,835.0284314,,125.5843137,378.8568627,58.17843137,775.0990196,150.3441176,1.5,260.2166667,779.127451,0.219607843,,181.8666667,456.4843137,67.16078431,687.3137255,155.3441176,,261.2166667,729.0558824,,,255.85,464.3343137,68.60784314,675.2441176,167.0941176,90.39607843,,260.7166667,721.545098,,,272.5931373,438.4088235,63.41176471,661.2431373,179.4666667,105.4401961,0.5,260.7166667,733.1196078,,,310.2705882,377.6872549,0.057921676,55.5,38.0,77.01078431,70.64509804,66.14509804,69.89509804,72.5754902,,75.3254902,,,,,,,,,,,,,,,,0.575757576,0.489361702,0.1,0.085714286,0.1,,,,,,0.533333333,0.444444444,0.242424242,0.1,0.1,0.537215516,0.489361702,0.1,0.085714286,0.1,0.1,0.489361702,0.1,0.085714286,0.1,0.1,0.489361702,0.1,0.085714286,0.1,0.1,0.786795065,0.902221287,1.0,0.065493038,0.30733067,0.278855406,0.056109337,0.610445152,0.155122002,,0.066029681,0.142881587,0.044523529,0.305498096,0.280093333,0.061168895,0.610445152,0.151405778,0.002526304,,0.086974104,0.171033871,0.050160387,0.274677165,0.28907904,,0.612806946,0.149707516,,,0.110060205,0.186048219,0.057891169,0.264543832,0.310925218,0.057064713,,0.611626049,0.162715239,,,0.097235094,0.179793547,0.052252373,0.265512562,0.332916965,0.071545169,0.064197847,0.611626049,0.1692436,,,0.115583833,0.167088995,0.214175136,0.034759723,0.023988846,0.046591478,0.136480198,0.139244359,0.151022112,0.161687802,,0.161885112,,,,,,,,,,,,,,,
Region III (Central Luzon),Nueva Ecija,,0.68,0.53,18.0,0.9,8.0,0.00010629,28.6,56.71010629,26.5,24.2,23.8,23.0,0.7,0.55,22.0,0.9,8.0,9.19e-05,32.15009186,0.53,18.0,0.9,8.0,8.0,0.00010629,-0.6,34.83010629,0.53,18.0,0.9,8.0,8.0,0.00010629,3.5,38.93010629,0.53,18.0,0.9,8.0,8.0,0.00010629,2.7,38.13010629,1659883.0,1955373.0,1354995.0,119.8196078,2633.195098,152.4764706,0.25,22.28333333,958.4627451,4.25,102.7303922,1244.706863,139.6519608,2535.459804,152.4764706,,29.03333333,923.6784314,3.029411765,,141.3509804,1318.630392,174.5186275,2501.6,152.7264706,,26.03333333,894.3862745,0.75,0.5,216.0568627,1263.29902,188.6127451,2551.214706,152.7264706,148.5931373,,23.78333333,859.0343137,1.0,0.5,282.7156863,1184.85098,156.4558824,2488.373529,152.9764706,176.6098039,,23.03333333,956.7578431,2.0,,385.2833333,1051.785294,0.113418535,152.8509804,149.9647059,161.3696078,10.5,8.75,10.78529412,8.744117647,0.25,8.75,0.5,,,,,,,,,,,,,,,0.696969697,0.595744681,0.16,0.114285714,0.15,,,,,,0.666666667,0.555555556,0.303030303,0.133333333,0.15,0.736986716,0.595744681,0.16,0.114285714,0.15,0.15,0.595744681,0.16,0.114285714,0.15,0.15,0.595744681,0.16,0.114285714,0.15,0.15,0.575381715,0.59127901,0.365082757,0.101572582,1.0,0.284264501,0.006463671,0.048495514,0.178506964,0.226663726,0.053377362,0.470685984,0.117439318,1.0,0.284092539,,0.064437627,0.180103297,0.082091002,,0.066935905,0.494946582,0.143830461,1.0,0.284176315,,0.057352243,0.184444899,0.011433931,0.027949375,0.092546655,0.507734016,0.173444111,1.0,0.28402924,0.093904901,,0.052038205,0.194447417,0.010872827,0.04344438,0.100929531,0.487315935,0.14045962,1.0,0.283501374,0.119951216,,0.05026686,0.222146154,0.027809077,,0.144034054,0.466300518,0.490844258,0.096006656,0.095138622,0.097794736,0.016022306,0.014652708,0.018566078,0.01898909,1.0,0.018328531,0.06892637,,,,,,,,,,,,,,
Region III (Central Luzon),Pampanga,,0.65,0.5,12.0,0.6,6.0,0.00013361,28.6,48.35013361,26.5,24.2,23.8,23.0,0.68,0.53,18.0,0.6,6.0,0.000124642,25.81012464,0.5,12.0,0.6,6.0,6.0,0.00013361,-1.8,23.30013361,0.5,12.0,0.6,6.0,6.0,0.00013361,2.3,27.40013361,0.5,12.0,0.6,6.0,6.0,0.00013361,1.4,26.50013361,1614942.0,2014019.0,1354995.0,247.9980392,579.4205882,201.2901961,0.25,138.0637255,49.68039216,,10.1245098,481.6441176,222.9137255,557.822549,204.2901961,,138.6696078,53.1872549,,,30.45686275,487.0705882,217.0107843,541.7558824,208.2901961,,139.8460784,45.15,,,74.02058824,440.5558824,197.2245098,548.4627451,210.0401961,128.0794118,,139.8460784,33.0372549,,,103.1882353,433.7441176,161.445098,495.45,215.7901961,157.1686275,,139.6843137,46.15588235,,,133.7176471,442.8186275,0.03932349,90.66862745,99.49019608,120.0460784,78.69803922,83.9372549,91.1627451,84.21568627,,85.60784314,,,,,,,,,,,,,,,,0.606060606,0.531914894,0.04,0.028571429,0.05,,,,,,0.6,0.511111111,0.181818182,0.033333333,0.05,1.0,0.531914894,0.04,0.028571429,0.05,0.05,0.531914894,0.04,0.028571429,0.05,0.05,0.531914894,0.04,0.028571429,0.05,0.05,0.558835138,0.610096752,0.365082757,0.218087628,0.219674259,0.375869549,0.006463671,0.321945007,0.006335706,,0.002109172,0.18179608,0.191955512,0.219777644,0.38126864,,0.323375977,0.007285809,,,0.012090027,0.182525291,0.180905008,0.216485451,0.388244475,,0.326154559,0.006012822,,,0.030034385,0.17647435,0.181736395,0.214840418,0.391319509,0.080919202,,0.326154559,0.003809292,,,0.035407204,0.177871762,0.145189473,0.198865443,0.400675944,0.106728289,,0.325772504,0.006739474,,,0.048622276,0.195998822,0.12145739,0.056885546,0.063063781,0.072712602,0.152608533,0.177867068,0.198679658,0.187710131,,0.184056926,,,,,,,,,,,,,,,
Region III (Central Luzon),Tarlac,,0.62,0.45,10.0,0.5,5.0,0.00009924,28.6,45.17009924,26.5,24.2,23.8,23.0,0.65,0.48,15.0,0.5,5.0,7.82e-05,21.63007825,0.45,10.0,0.5,5.0,5.0,0.0000992,-3,17.9500992,0.45,10.0,0.5,5.0,5.0,0.0000992,1.1,22.0500992,0.45,10.0,0.5,5.0,5.0,0.0000992,0.1,21.0500992,1068783.0,1273240.0,292781.0,188.1294118,1476.709804,83.62941176,,3.5,406.5813725,6.25,51.65,648.3029412,171.954902,1422.713725,83.62941176,,3.5,395.9294118,5.75,0.75,87.02941176,678.4392157,186.2558824,1427.119608,83.87941176,,3.5,390.1166667,5.75,0.25,170.6931373,590.1352941,149.2705882,1401.204902,84.62941176,54.58823529,,3.5,356.6784314,6.5,,238.2529412,611.2480392,133.7931373,1289.719608,85.37941176,127.7941176,,3.5,343.5460784,5.25,,304.0088235,613.1313725,0.060974729,41.36960784,56.42647059,48.42254902,,,,0.25,,,,,,,,,,,,,,,,,,0.515151515,0.425531915,0.0,0.0,0.0,,,,,,0.5,0.4,0.090909091,0.0,0.0,0.627774703,0.425531915,0.0,0.0,0.0,0.0,0.425531915,0.0,0.0,0.0,0.0,0.425531915,0.0,0.0,0.0,0.0,0.357747889,0.372402999,0.016919864,0.163666648,0.560596726,0.155064403,,0.00413314,0.073951556,0.339140983,0.025098389,0.244891877,0.146349253,0.560996657,0.154970599,,0.00413314,0.075329966,0.159129397,0.035859431,0.04006961,0.254423468,0.154071254,0.570439806,0.155229115,,0.00413314,0.078493379,0.1132019,0.008738888,0.072581407,0.236699253,0.135561476,0.549149753,0.156552763,0.034397456,,0.00413314,0.078504893,0.075625014,,0.084701915,0.251000576,0.118974991,0.518153575,0.157403834,0.0867492,,0.00413314,0.077088362,0.077613017,,0.113208922,0.271595445,0.229395558,0.025869795,0.035698243,0.029239282,,,,0.0,,,,,,,,,,,,,,,,,
Region III (Central Luzon),Zambales,,0.59,0.43,15.0,0.8,7.0,0.00012316,28.6,52.42012316,26.5,24.2,23.8,23.0,0.6,0.42,20.0,0.8,7.0,0.000110381,28.82011038,0.43,15.0,0.8,7.0,7.0,0.00012316,-4.2,26.03012316,0.43,15.0,0.8,7.0,7.0,0.00012316,0,30.23012316,0.43,15.0,0.8,7.0,7.0,0.00012316,-1.2,29.03012316,433542.0,534443.0,292781.0,456.0745098,229.7196078,47.85490196,25.26568627,36.30588235,881.0784314,,238.3,1671.096078,399.6656863,196.4696078,48.10490196,23.8,36.32156863,859.8186275,0.25,,339.6715686,1696.270588,403.2970588,208.3852941,48.10490196,17.05,36.07156863,830.9460784,,0.25,404.5254902,1629.266667,365.9901961,260.4509804,48.10490196,44.75,21.90980392,36.07156863,816.8362745,0.5,,478.5382353,1547.909804,318.5647059,250.5460784,48.35490196,39.25196078,7.659803922,36.32156863,864.9245098,,,595.6803922,1464.428431,0.076611007,34.0,24.25,42.5,27.45686275,27.02941176,33.17647059,32.01176471,,26.34117647,,0.21372549,0.135294118,0.135294118,0.21372549,0.21372549,0.5,,,6.75,2.75,0.75,1.25,2.25,,0.424242424,0.382978723,0.1,0.085714286,0.1,,,,,,0.333333333,0.266666667,0.242424242,0.1,0.1,0.88558359,0.382978723,0.1,0.085714286,0.1,0.1,0.382978723,0.1,0.085714286,0.1,0.1,0.382978723,0.1,0.085714286,0.1,0.1,0.123862034,0.13534521,0.016919864,0.407230524,0.086806373,0.087929071,1.0,0.081613893,0.163846298,,0.128431001,0.632113783,0.350141966,0.077215785,0.088344752,1.0,0.081650941,0.167425293,0.003386913,,0.165021061,0.636827944,0.3434404,0.083209185,0.088225195,1.0,0.081060492,0.17111555,,0.008738888,0.175494493,0.655082945,0.344241186,0.101928185,0.088179534,0.028169608,1.0,0.081060492,0.184708212,0.004986265,,0.172399098,0.63689044,0.294141265,0.100416611,0.088337226,0.026527205,1.0,0.081650941,0.200422597,,,0.223831731,0.649460198,0.307347273,0.021233315,0.015251187,0.025644474,0.04998331,0.054333137,0.068741281,0.071005256,,0.056260345,,0.013610889,0.012395763,0.036581709,0.060806743,0.03410596,0.5,,,,,,,,
Region III (Central Luzon),Aurora,,0.68,0.53,25.0,1.2,10.0,6.50E-05,28.6,66.01006501,26.5,24.2,23.8,23.0,0.68,0.55,30.0,1.5,12.0,5.65e-05,44.73005649,0.53,25.0,1.2,10.0,10.0,0.000065,-5.4,41.330065,0.53,25.0,1.2,10.0,10.0,0.000065,-1.1,45.630065,0.53,25.0,1.2,10.0,10.0,0.000065,-2.5,44.230065,173797.0,201233.0,1314826.0,139.2588235,3.0,9.817647059,,31.61960784,2563.433333,,130.8196078,49.57058824,153.4343137,2.0,9.817647059,,31.61960784,2506.771569,,0.25,158.9862745,59.16764706,156.2352941,1.25,9.817647059,,31.61960784,2465.476471,,,188.8686275,72.24901961,167.627451,3.0,9.817647059,,,31.61960784,2394.385294,,0.154901961,248.3745098,70.9245098,187.1519608,7.0,9.817647059,0.75,,31.61960784,2408.383333,0.25,,222.1254902,55.64509804,0.062671504,0.5,0.5,0.25,51.82843137,56.9254902,53.54705882,53.70294118,,56.93137255,,0.793137255,0.551960784,0.92745098,1.08627451,0.725490196,,,,,,,,,,0.696969697,0.595744681,0.3,0.2,0.25,,,,,,0.6,0.555555556,0.545454545,0.333333333,0.35,0.453209961,0.595744681,0.3,0.2,0.25,0.25,0.595744681,0.3,0.2,0.25,0.25,0.595744681,0.3,0.2,0.25,0.25,0.028227965,0.028428119,0.351916526,0.119242958,0.000664907,0.016547415,,0.070545876,0.482572953,,0.068928029,0.018216242,0.129774013,0.000493153,0.016537405,,0.070545876,0.494392732,,0.011475018,0.075657947,0.021759958,0.127878192,0.000399784,0.016515025,,0.070545876,0.51454489,,,0.08058071,0.028183586,0.153237333,0.000997012,0.016506478,,,0.070545876,0.548802715,,0.009156439,0.088395995,0.02839581,0.169559972,0.002513617,0.016448698,0.000340075,,0.070545876,0.565534198,0.000991572,,0.082152881,0.024144322,0.237854507,0.000157284,0.000158867,0.0,0.0987944,0.119230696,0.114388655,0.119497131,,0.122221917,,0.17133707,0.108181204,0.27886057,0.32871764,0.206953642,,,,,,,,,
Region IV-A (Calabarzon),Batangas,,0.72,0.58,40.0,2.0,18.0,3.61E-05,28.6,89.90003609,26.5,24.2,23.8,23.0,0.72,0.58,40.0,2.0,18.0,3.9e-05,61.30003897,0.58,40.0,2.0,18.0,18.0,0.0000361,-6.6,71.9800361,0.58,40.0,2.0,18.0,18.0,0.0000361,-2.2,76.3800361,0.58,40.0,2.0,18.0,18.0,0.0000361,-3.8,74.7800361,1905348.0,2377395.0,1314826.0,151.8401961,633.7588235,74.25686275,0.109803922,261.5960784,705.645098,3.002941176,925.6107843,109.5392157,103.5009804,634.3323529,75.00098039,0.047058824,261.7284314,532.7137255,8.143137255,2.803921569,1134.698039,131.8431373,133.1382353,572.4186275,75.88431373,,261.7754902,374.1264706,1.768627451,1.431372549,1324.579412,111.5558824,158.1303922,585.4303922,77.17254902,368.1294118,0.047058824,261.6588235,300.7284314,1.63627451,1.540196078,1364.702941,104.3823529,146.3068627,618.0156863,81.17254902,378.9813725,0.05,261.5960784,312.9107843,2.364705882,1.368627451,1304.976471,113.2421569,0.0680025,355.9490196,340.7754902,369.6990196,37.23039216,37.47647059,36.93627451,38.92058824,,42.70980392,4.540196078,1.947058824,1.279411765,1.362745098,1.112745098,0.731372549,,,,,,,,,0.067647059,0.818181818,0.70212766,0.6,0.428571429,0.65,,,,,,0.733333333,0.622222222,0.848484848,0.5,0.65,0.312677474,0.70212766,0.6,0.428571429,0.65,0.65,0.70212766,0.6,0.428571429,0.65,0.65,0.70212766,0.6,0.428571429,0.65,0.65,0.66575811,0.726693207,0.351916526,0.130679509,0.240319915,0.137475645,0.000895569,0.613703039,0.130609982,0.156530849,0.508937929,0.040919921,0.08508553,0.249962482,0.138788066,0.0,0.61401563,0.102485579,0.226895422,0.136026775,0.558224288,0.049064513,0.107725931,0.228743929,0.140254685,,0.614126773,0.075133697,0.03216666,0.099517854,0.580423865,0.044009641,0.144092597,0.229333228,0.14259365,0.232876831,0.001745826,0.61385123,0.065591768,0.018363766,0.146795246,0.495823586,0.042179914,0.130838194,0.248135576,0.149556229,0.257594348,0.005381855,0.613703039,0.069841455,0.033397936,0.285982478,0.492847751,0.049709897,0.264431185,0.223782793,0.216392409,0.224244397,0.069557619,0.077011316,0.077166427,0.086450329,,0.09155598,0.737268894,0.485455031,0.275411314,0.411994003,0.336845274,0.208940397,,,,,,,,,
Region IV-A (Calabarzon),Cavite,,0.68,0.55,30.0,1.5,15.0,6.59E-05,28.6,76.33006586,26.5,24.2,23.8,23.0,0.68,0.55,35.0,1.5,15.0,6.54e-05,52.73006536,0.55,30.0,1.5,15.0,15.0,0.0000659,-7.8,54.2500659,0.55,30.0,1.5,15.0,15.0,0.0000659,-3.3,58.7500659,0.55,30.0,1.5,15.0,15.0,0.0000659,-5.1,56.9500659,2063161.0,3090691.0,3292071.0,24.3627451,357.5931373,134.8470588,0.537254902,12.61568627,174.8245098,,260.895098,71.78431373,13.63431373,336.7705882,137.822549,0.537254902,12.61568627,106.4058824,0.5,,334.0029412,92.19117647,20.79019608,306.5960784,142.572549,0.537254902,12.61568627,69.67352941,,,390.9147059,72.32156863,29.32058824,299.0862745,148.5411765,234.1666667,0.237254902,12.61568627,59.33333333,,,400.6137255,55.1872549,20.47254902,327.8529412,156.5215686,222.9460784,0.237254902,12.61568627,80.27843137,,,375.3313725,43.29705882,0.025931518,200.8382353,203.9245098,222.8392157,4.265686275,4.242156863,3.78627451,3.545098039,,3.094117647,0.083333333,0.239215686,0.239215686,0.239215686,0.239215686,0.239215686,,,,,,,,,,0.696969697,0.638297872,0.4,0.285714286,0.5,,,,,,0.6,0.555555556,0.696969697,0.333333333,0.5,0.52437583,0.638297872,0.4,0.285714286,0.5,0.5,0.638297872,0.4,0.285714286,0.5,0.5,0.638297872,0.4,0.285714286,0.5,0.5,0.723862402,0.95556849,1.0,0.014801658,0.135391554,0.25118071,0.01787244,0.025662518,0.030044596,,0.140940031,0.026626194,0.004658194,0.132567676,0.256609262,0.020637279,0.025662518,0.017851234,0.010466117,,0.162217478,0.034167067,0.009701895,0.122472296,0.265158512,0.030060466,0.025662518,0.011165433,,,0.169504185,0.028212796,0.020061399,0.117074779,0.276194444,0.148075077,0.010430189,0.025662518,0.009878363,,,0.143958906,0.02191231,0.011545339,0.131493167,0.290114504,0.151466858,0.029856484,0.025662518,0.014811305,,,0.140259556,0.018663405,0.054694238,0.12619713,0.129428249,0.135104931,0.003536296,0.00486721,0.002882345,0.007366382,,0.006132765,0.0,0.020549773,0.036285779,0.068365817,0.068633353,0.042715232,,,,,,,,,
Region IV-A (Calabarzon),Laguna,,0.7,0.6,35.0,1.8,17.0,7.52E-05,28.6,83.70007521,26.5,24.2,23.8,23.0,0.7,0.6,38.0,1.8,17.0,6.93e-05,58.10006929,0.6,35.0,1.8,17.0,17.0,0.0000752,-9,62.4000752,0.6,35.0,1.8,17.0,17.0,0.0000752,-4.4,67.0000752,0.6,35.0,1.8,17.0,17.0,0.0000752,-6.4,65.0000752,1965872.0,2669847.0,3035081.0,145.9088235,210.9058824,136.2107843,,425.1568627,820.5911765,,257.7127451,39.46764706,125.8990196,186.7578431,137.4666667,,425.1568627,726.4431373,,,354.9941176,61.15098039,180.8843137,178.7843137,141.3323529,,425.1568627,549.4382353,,,484.1098039,54.74705882,167.8970588,187.2401961,144.6117647,106.6637255,,425.1568627,426.1686275,,,610.0627451,47.76960784,212.327451,212.2960784,153.5764706,94.6127451,,425.1568627,426.7970588,,,556.7617647,37.29215686,0.044727548,67.91568627,97.50098039,103.3676471,39.75980392,28.50980392,26.05882353,28.30882353,,25.05882353,,,,,,,0.25,,,,,,,,,0.757575758,0.744680851,0.5,0.371428571,0.6,,,,,,0.666666667,0.666666667,0.787878788,0.433333333,0.6,0.555892178,0.744680851,0.5,0.371428571,0.6,0.6,0.744680851,0.5,0.371428571,0.6,0.6,0.744680851,0.5,0.371428571,0.6,0.6,0.688042106,0.820532278,0.915766143,0.125287852,0.079658152,0.253739911,,1.0,0.152386825,,0.139178226,0.014391344,0.105130945,0.073384276,0.255941808,,1.0,0.140946429,,,0.172599269,0.022505106,0.149384543,0.071375183,0.262835685,,1.0,0.111968255,,,0.210520729,0.021136801,0.153496939,0.073226604,0.268838655,0.067362539,,1.0,0.094543063,,,0.22040174,0.018856356,0.193426722,0.085040508,0.284620632,0.064180872,,1.0,0.096781727,,,0.209070992,0.015998012,0.148398301,0.042570869,0.061799702,0.062589297,0.074623495,0.05754673,0.052791722,0.062727117,,0.053495211,,,,,,,0.0,,,,,,,,
Region IV-A (Calabarzon),Quezon,,0.75,0.68,50.0,2.5,20.0,2.30E-05,28.6,102.530023,26.5,24.2,23.8,23.0,0.75,0.68,45.0,2.5,20.0,2.1e-05,68.930021,0.68,50.0,2.5,20.0,20.0,0.000023,-10.2,82.980023,0.68,50.0,2.5,20.0,20.0,0.000023,-5.5,87.680023,0.68,50.0,2.5,20.0,20.0,0.000023,-7.7,85.480023,2173831.0,2761720.0,1354995.0,469.2892157,202.0833333,45.65,,117.3431373,5294.60098,,1777.118627,31.6,483.1313725,219.0784314,45.65,,117.4372549,5053.543137,1.75,0.647058824,2027.934314,50.64117647,584.0460784,182.2941176,45.65,,117.3431373,4775.969608,0.25,0.245098039,2277.912745,35.66666667,545.1696078,205.827451,45.65,127.5784314,,117.3431373,4349.333333,0.5,0.245098039,2746.117647,35.49803922,735.4333333,251.3529412,45.65,91.33039216,,117.3431373,4245.027451,1.25,0.538235294,2642.15,26.83823529,0.179829605,179.4617647,158.9588235,153.104902,501.8039216,462.6656863,448.7598039,447.5656863,,464.0078431,2.328431373,0.943137255,0.242156863,0.334313725,0.529411765,0.6,0.25,,0.25,,,,,,,0.909090909,0.914893617,0.8,0.571428571,0.75,,,,,,0.833333333,0.844444444,1.0,0.666666667,0.75,0.168480371,0.914893617,0.8,0.571428571,0.75,0.75,0.914893617,0.8,0.571428571,0.75,0.75,0.914893617,0.8,0.571428571,0.75,0.75,0.764609375,0.850011567,0.365082757,0.41924278,0.07630605,0.083791297,,0.273007236,1.0,,0.98034714,0.011412711,0.424840662,0.086135474,0.083740609,,0.273229522,1.0,0.045862136,0.030839111,1.0,0.018556519,0.501144519,0.072778347,0.083627283,,0.273007236,1.0,0.001257134,0.008362212,1.0,0.013454496,0.516773373,0.080513557,0.083584002,0.080602069,,0.273007236,1.0,0.004986265,0.01811806,1.0,0.013800663,0.689339103,0.100740961,0.083291422,0.061948378,,0.273007236,1.0,0.016315861,0.109303296,1.0,0.011357836,0.821924125,0.112748439,0.100854079,0.092778309,1.0,1.0,1.0,1.0,,1.0,0.371391502,0.212169736,0.036961911,0.097451274,0.157736303,0.164569536,0.0,,,,,,,,
Region IV-A (Calabarzon),Rizal,,0.72,0.62,40.0,2.0,18.0,,28.6,89.94,,,,,,,,,,5.76e-05,5.76e-05,0.62,40.0,2.0,18.0,18.0, *FILL IN*                          , *FILL IN*  ,#VALUE!,0.62,40.0,2.0,18.0,18.0, *FILL IN*                          , *FILL IN*  ,#VALUE!,0.62,40.0,2.0,18.0,18.0, *FILL IN*                          , *FILL IN*  ,#VALUE!,1707218.0,2484840.0,1354995.0,42.42647059,145.8303922,98.40686275,,385.1323529,329.0421569,,523.8901961,35.39803922,49.74803922,158.0,99.59215686,,384.8823529,264.6588235,,,592.4980392,38.98529412,75.36470588,130.75,103.0921569,,384.8823529,233.6892157,,,623.0078431,35.55784314,69.55,124.2647059,106.8156863,65.12843137,,384.8823529,227.8637255,,,622.9333333,43.74607843,67.4254902,123.1872549,109.3156863,70.70098039,,384.8823529,241.8343137,,,620.0039216,29.58431373,0.03501491,77.98823529,55.75,57.06862745,37.76078431,31.76078431,32.4627451,30.69117647,,28.94117647,,,,,,,,,,,,,,,,0.818181818,0.787234043,0.6,0.428571429,0.65,,,,,,,,,,,0.462456313,0.787234043,0.6,0.428571429,0.65,0.65,0.787234043,0.6,0.428571429,0.65,0.65,0.787234043,0.6,0.428571429,0.65,0.65,0.592809726,0.761169083,0.365082757,0.031221705,0.054932906,0.182796134,,0.905470333,0.059261543,,0.286538586,0.01285062,0.03697864,0.06203866,0.184908561,,0.904879884,0.049268986,,,0.29006367,0.014177344,0.057318335,0.052171827,0.191213654,,0.904879884,0.045626584,,,0.271651816,0.01341068,0.058798374,0.04853767,0.198085072,0.041069663,,0.904879884,0.04877477,,,0.225099133,0.017198725,0.056057446,0.049219687,0.202055264,0.047917272,,0.904879884,0.053028021,,,0.233056961,0.012576736,0.099977776,0.048907864,0.035268369,0.034487191,0.070619883,0.064603866,0.067141931,0.068053005,,0.06186672,,,,,,,,,,,,,,,
Region IV (Southern Tagalog),Marinduque,,0.65,0.5,25.0,1.2,10.0,1.84E-05,28.6,65.9500184,26.5,24.2,23.8,23.0,0.65,0.5,30.0,1.2,10.0,9.2e-06,42.3500092,0.5,25.0,1.2,10.0,10.0,0.0000184, *FILL IN*  ,#VALUE!,0.5,25.0,1.2,10.0,10.0,0.0000184, *FILL IN*  ,#VALUE!,0.5,25.0,1.2,10.0,10.0,0.0000184, *FILL IN*  ,#VALUE!,217392.0,227828.0,3035081.0,142.1009804,4.706862745,2.0,,18.90686275,414.6990196,0.219607843,289.6647059,7.117647059,157.8294118,2.206862745,2.0,,18.90686275,393.3754902,0.231372549,0.335294118,302.377451,6.735294118,128.0794118,0.456862745,2.0,,18.90686275,370.4068627,0.188235294,0.333333333,362.1656863,2.75,111.4735294,0.456862745,2.0,,,18.90686275,330.7019608,0.378431373,0.521568627,417.4784314,2.0,155.6392157,1.206862745,2.0,,,18.90686275,251.0901961,0.234313725,0.293137255,453.7009804,3.100980392,0.019293795,,,,47.82156863,44.18039216,42.89117647,44.26078431,,42.00588235,0.941176471,,,,,,,,,,,,,,,0.606060606,0.531914894,0.3,0.2,0.25,,,,,,0.5,0.444444444,0.545454545,0.233333333,0.25,0.073810941,0.531914894,0.3,0.2,0.25,0.25,0.531914894,0.3,0.2,0.25,0.25,0.531914894,0.3,0.2,0.25,0.25,0.044278966,0.036961656,0.915766143,0.121826497,0.001313425,0.001876625,,0.040520984,0.075489466,0.0,0.156867375,0.002143873,0.133707463,0.000574765,0.00187549,,0.040520984,0.07482294,0.002859443,0.015634712,0.146576181,0.002060853,0.103312091,8.27e-05,0.001872951,,0.040520984,0.074352175,0.0,0.015142384,0.156851315,0.000201314,0.099166618,0.0,0.001871982,,,0.040520984,0.072509587,0.003555022,0.045587376,0.150114036,0.0,0.139685408,0.000184836,0.001865429,,,0.040520984,0.055217538,0.000751191,0.057154777,0.16998294,0.000821594,0.02160312,,,,0.090769503,0.091563998,0.090510452,0.098388645,,0.090038116,0.141907233,,,,,,,,,,,,,,
Region IV (Southern Tagalog),Mindoro Occidental,,0.62,0.45,20.0,1.0,8.0,0.000085553,28.6,58.67008555,26.5,24.2,23.8,23.0,0.6,0.45,25.0,1.0,8.0,4.83e-05,35.05004833,0.45,20.0,1.0,8.0,8.0,0.0000856, *FILL IN*  ,#VALUE!,0.45,20.0,1.0,8.0,8.0,0.0000856, *FILL IN*  ,#VALUE!,0.45,20.0,1.0,8.0,8.0,0.0000856, *FILL IN*  ,#VALUE!,254512.0,293780.0,316342.0,198.0921569,628.6019608,12.3,1.042156863,92.87254902,1891.809804,3.473529412,1812.617647,1042.783333,214.9470588,662.4441176,12.3,1.665686275,93.26960784,1764.634314,15.82156863,20.51960784,1896.244118,1066.811765,225.0078431,643.677451,12.3,0.75,93.01960784,1618.406863,11.17647059,13.15,2097.35098,1020.982353,241.6333333,673.6009804,12.3,123.25,1.25,92.76960784,1542.49902,16.70098039,10.12745098,2151.731373,982.6970588,246.9823529,670.577451,12.3,114.5,1.474509804,92.87254902,1454.120588,12.20392157,4.724509804,2243.512745,993.5529412,0.122596624,160.2441176,105.2441176,113.7029412,57.02254902,53.78137255,57.93039216,58.58627451,,60.61176471,6.128431373,0.800980392,0.958823529,0.26372549,0.492156863,0.26372549,,,0.25,,,,,,,0.515151515,0.425531915,0.2,0.142857143,0.15,,,,,,0.333333333,0.333333333,0.393939394,0.166666667,0.15,0.387731562,0.425531915,0.2,0.142857143,0.15,0.15,0.425531915,0.2,0.142857143,0.15,0.15,0.425531915,0.2,0.142857143,0.15,0.15,0.057945973,0.058123674,0.024642476,0.172722849,0.23836058,0.02120586,0.037925395,0.215212735,0.355332072,0.182996085,1.0,0.394239231,0.18482564,0.261053205,0.021193032,0.068144296,0.216150507,0.347057182,0.444324144,1.0,0.934868823,0.40033703,0.187882469,0.257232075,0.021164351,0.042556867,0.215560058,0.336568049,0.223650078,1.0,0.92053209,0.41017047,0.224497733,0.263899656,0.021153398,0.077862064,0.056672188,0.214969609,0.352189421,0.195722431,1.0,0.783066201,0.40403171,0.226280099,0.26926486,0.021079352,0.077707199,0.191568426,0.215212735,0.339799379,0.18417692,1.0,0.84880812,0.440452956,0.536599891,0.10065794,0.066720204,0.068862509,0.109197118,0.112405534,0.124211035,0.130414104,,0.130157938,1.0,0.173472111,0.201712869,0.075862069,0.146297411,0.050993377,,,,,,,,,
Region IV (Southern Tagalog),Mindoro Oriental,,0.68,0.5,22.0,1.1,9.0,1.02E-05,28.6,61.88001022,26.5,24.2,23.8,23.0,0.68,0.5,28.0,1.3,11.0,8.41e-06,41.48000841,0.5,22.0,1.1,9.0,9.0,0.0000102, *FILL IN*  ,#VALUE!,0.5,22.0,1.1,9.0,9.0,0.0000102, *FILL IN*  ,#VALUE!,0.5,22.0,1.1,9.0,9.0,0.0000102, *FILL IN*  ,#VALUE!,1130088.0,1286666.0,1354995.0,720.4098039,220.8715686,9.5,,115.4352941,1881.698039,,813.9990196,316.1029412,709.9039216,236.8686275,9.5,,115.4352941,1758.672549,,0.749019608,916.1107843,354.6901961,662.3529412,252.4009804,9.5,,115.2921569,1543.883333,0.25,0.249019608,1199.505882,325.0411765,595.2019608,357.9990196,9.5,109.75,,115.2921569,1361.812745,0.076470588,,1386.158824,281.1803922,851.295098,475.8852941,9.5,77.5,,115.2921569,1092.658824,,,1430.194118,162.3284314,0.089959122,110.0,102.5,105.25,146.945098,130.5313725,121.0745098,118.0901961,,120.327451,,0.342156863,0.442156863,0.442156863,0.603921569,0.42254902,,,,,,,,,,0.696969697,0.531914894,0.24,0.171428571,0.2,,,,,,0.6,0.444444444,0.484848485,0.266666667,0.3,0.067444362,0.531914894,0.24,0.171428571,0.2,0.2,0.531914894,0.24,0.171428571,0.2,0.2,0.531914894,0.24,0.171428571,0.2,0.2,0.380319437,0.376710999,0.365082757,0.647513065,0.083444586,0.015951311,,0.268501302,0.353416371,,0.44714776,0.119123417,0.627793688,0.093154107,0.015941661,,0.268501302,0.3458736,,0.035811618,0.450115668,0.132789298,0.569467516,0.100805957,0.015920087,,0.268163242,0.320909994,0.001257134,0.008663553,0.52537715,0.129964861,0.564949618,0.140170953,0.015911848,0.069316228,,0.268163242,0.310487465,0.0,,0.503654362,0.115017915,0.799177829,0.191000635,0.01585615,0.052541629,,0.268163242,0.254294096,,,0.540339277,0.071497794,0.373891784,0.069047594,0.06497641,0.063731829,0.289292937,0.279012256,0.26570735,0.263438551,,0.258922739,,0.048572191,0.082938923,0.130434783,0.180614088,0.104635762,,,,,,,,,
Region IV (Southern Tagalog),Romblon,,0.7,0.53,30.0,1.5,12.0,1.14E-05,28.6,73.33001141,26.5,24.2,23.8,23.0,0.7,0.53,32.0,1.6,13.0,8.94e-06,47.83000894,0.53,30.0,1.5,12.0,12.0,0.0000114, *FILL IN*  ,#VALUE!,0.53,30.0,1.5,12.0,12.0,0.0000114, *FILL IN*  ,#VALUE!,0.53,30.0,1.5,12.0,12.0,0.0000114, *FILL IN*  ,#VALUE!,264357.0,283930.0,292781.0,137.8107843,8.75,2.362745098,,50.56862745,577.5509804,0.475490196,424.1166667,30.94019608,190.8156863,6.75,2.362745098,,50.56862745,557.8215686,0.25,0.684313725,423.0764706,25.66666667,202.1539216,1.25,2.362745098,,50.56862745,525.9921569,0.511764706,1.033333333,461.8676471,9.775490196,155.5411765,0.997058824,2.362745098,0.25,,50.73235294,526.5411765,0.907843137,1.033333333,505.2264706,13.53333333,223.1862745,0.747058824,2.362745098,0.5,,50.56862745,496.6833333,0.185294118,1.470588235,468.0441176,7.533333333,0.027789219,2.25,0.75,1.5,102.745098,81.92941176,84.15392157,84.45784314,,90.03627451,2.587254902,0.281372549,1.706862745,1.189215686,0.695098039,0.547058824,,,,,,,,,,0.757575758,0.595744681,0.4,0.285714286,0.35,,,,,,0.666666667,0.511111111,0.606060606,0.366666667,0.4,0.071706803,0.595744681,0.4,0.285714286,0.35,0.35,0.595744681,0.4,0.285714286,0.35,0.35,0.595744681,0.4,0.285714286,0.35,0.35,0.061570748,0.054963105,0.016919864,0.117926681,0.002849604,0.002557361,,0.115299566,0.106342207,0.014390473,0.231302265,0.011162914,0.163228956,0.002367135,0.002555814,,0.115299566,0.107470207,0.003386913,0.032655989,0.206271356,0.009173467,0.167942346,0.000399784,0.002552355,,0.115299566,0.107042025,0.006584986,0.068931746,0.200731626,0.003029975,0.141599437,0.000211779,0.002551034,0.0,,0.115686252,0.117708804,0.009787853,0.096434833,0.182139532,0.004751551,0.203721053,0.0,0.002542105,0.000170038,,0.115299566,0.113313616,0.0,0.307676262,0.175422888,0.00278898,0.063955453,0.001258271,0.000317733,0.000758712,0.200769699,0.173508499,0.182973956,0.188251487,,0.193605943,0.414206941,0.03202562,0.373675907,0.35892054,0.208609272,0.146688742,,,,,,,,,
,,,,,,,,,,,,,,,,,,,,,,,,,,,,,,,,,,,,,,,,,,,,,,,,,,,,,,,,,,,,,,,,,,,,,,,,,,,,,,,,,,,,,,,,,,,,,,,,,,,,,,,,,,,,,,,,,,,,,,,,,,,,,,,,,,,,,,,,,,,,,,,,,,,,,,,,,,,,,,,,,,,,,,,,,,,,,,,,,,,,,,,,,,,,,,,,,,,,,,,,,,,,,,,,,,,,,,,,,,,,,,,,,,,,,,,,,,
,,Data source for air pollution data- WHO Databank,,,,,,,,,,,,,,,,,,,,,,,,,,,,,,,,,,,,,,,,,,,,,,,,,,,,,,,,,,,,,,,,,,,,,,,,,,,,,,,,,,,,,,,,,,,,,,,,,,,,,,,,,,,,,,,,,,,,,,,,,,,,,,,,,,,,,,,,,,,,,,,,,,,,,,,,,,,,,,,,,,,,,,,,,,,,,,,,,,,,,,,,,,,,,,,,,,,,,,,,,,,,,,,,,,,,,,,,,,,,,,,,,,,,,,,,
,,  = (V-VL)/(VH-VL) [Equation 1],,,,,,,,,,,,,,,,,,,,,,,,,,,,,,,,,,,,,,,,,,,,,,,,,,,,,,,,,,,,,,,,,,,,,,,,,,,,,,,,,,,,,,,,,,,,,,,,,,,,,,,,,,,,,,,,,,,,,,,,,,,,,,,,,,,,,,,,,,,,,,,,,,,,,,,,,,,,,,,,,,,,,,,,,,,,,,,,,,,,,,,,,,,,,,,,,,,,,,,,,,,,,,,,,,,,,,,,,,,,,,,,,,,,,,,,
